instrument,technique,pitch,dyn,path
BTb,ord,A#1,ff,Brass/BTb/ordinario/BTb-ord-A#1-ff.wav
BTb,ord,A#1,mf,Brass/BTb/ordinario/BTb-ord-A#1-mf.wav
BTb,ord,A#1,pp,Brass/BTb/ordinario/BTb-ord-A#1-pp.wav
BTb,ord,A#2,ff,Brass/BTb/ordinario/BTb-ord-A#2-ff.wav
BTb,ord,A#2,mf,Brass/BTb/ordinario/BTb-ord-A#2-mf.wav
BTb,ord,A#2,pp,Brass/BTb/ordinario/BTb-ord-A#2-pp.wav
BTb,ord,A#3,ff,Brass/BTb/ordinario/BTb-ord-A#3-ff.wav
BTb,ord,A#3,mf,Brass/BTb/ordinario/BTb-ord-A#3-mf.wav
BTb,ord,A#3,pp,Brass/BTb/ordinario/BTb-ord-A#3-pp.wav
BTb,ord,A1,ff,Brass/BTb/ordinario/BTb-ord-A1-ff.wav
BTb,ord,A1,mf,Brass/BTb/ordinario/BTb-ord-A1-mf.wav
BTb,ord,A1,pp,Brass/BTb/ordinario/BTb-ord-A1-pp.wav
BTb,ord,A2,ff,Brass/BTb/ordinario/BTb-ord-A2-ff.wav
BTb,ord,A2,mf,Brass/BTb/ordinario/BTb-ord-A2-mf.wav
BTb,ord,A2,pp,Brass/BTb/ordinario/BTb-ord-A2-pp.wav
BTb,ord,A3,ff,Brass/BTb/ordinario/BTb-ord-A3-ff.wav
BTb,ord,A3,mf,Brass/BTb/ordinario/BTb-ord-A3-mf.wav
BTb,ord,A3,pp,Brass/BTb/ordinario/BTb-ord-A3-pp.wav
BTb,ord,B1,ff,Brass/BTb/ordinario/BTb-ord-B1-ff.wav
BTb,ord,B1,mf,Brass/BTb/ordinario/BTb-ord-B1-mf.wav
BTb,ord,B1,pp,Brass/BTb/ordinario/BTb-ord-B1-pp.wav
BTb,ord,B2,ff,Brass/BTb/ordinario/BTb-ord-B2-ff.wav
BTb,ord,B2,mf,Brass/BTb/ordinario/BTb-ord-B2-mf.wav
BTb,ord,B2,pp,Brass/BTb/ordinario/BTb-ord-B2-pp.wav
BTb,ord,B3,ff,Brass/BTb/ordinario/BTb-ord-B3-ff.wav
BTb,ord,D2,mf,Brass/BTb/ordinario/BTb-ord-D2-mf.wav
BTb,ord,D2,pp,Brass/BTb/ordinario/BTb-ord-D2-pp.wav
BTb,ord,D3,ff,Brass/BTb/ordinario/BTb-ord-D3-ff.wav
BTb,ord,D3,mf,Brass/BTb/ordinario/BTb-ord-D3-mf.wav
BTb,ord,D3,pp,Brass/BTb/ordinario/BTb-ord-D3-pp.wav
BTb,ord,D4,ff,Brass/BTb/ordinario/BTb-ord-D4-ff.wav
BTb,ord,D4,mf,Brass/BTb/ordinario/BTb-ord-D4-mf.wav
BTb,ord,D4,pp,Brass/BTb/ordinario/BTb-ord-D4-pp.wav
BTb,ord,E2,ff,Brass/BTb/ordinario/BTb-ord-E2-ff.wav
BTb,ord,E2,mf,Brass/BTb/ordinario/BTb-ord-E2-mf.wav
BTb,ord,E2,pp,Brass/BTb/ordinario/BTb-ord-E2-pp.wav
BTb,ord,E3,ff,Brass/BTb/ordinario/BTb-ord-E3-ff.wav
BTb,ord,E3,mf,Brass/BTb/ordinario/BTb-ord-E3-mf.wav
BTb,ord,E3,pp,Brass/BTb/ordinario/BTb-ord-E3-pp.wav
BTb,ord,E4,ff,Brass/BTb/ordinario/BTb-ord-E4-ff.wav
BTb,ord,E4,mf,Brass/BTb/ordinario/BTb-ord-E4-mf.wav
BTb,ord,E4,pp,Brass/BTb/ordinario/BTb-ord-E4-pp.wav
BTb,ord,F#1,ff,Brass/BTb/ordinario/BTb-ord-F#1-ff.wav
BTb,ord,F#1,mf,Brass/BTb/ordinario/BTb-ord-F#1-mf.wav
BTb,ord,F#1,pp,Brass/BTb/ordinario/BTb-ord-F#1-pp.wav
BTb,ord,F#2,ff,Brass/BTb/ordinario/BTb-ord-F#2-ff.wav
BTb,ord,F#2,mf,Brass/BTb/ordinario/BTb-ord-F#2-mf.wav
BTb,ord,F#2,pp,Brass/BTb/ordinario/BTb-ord-F#2-pp.wav
BTb,ord,F#3,ff,Brass/BTb/ordinario/BTb-ord-F#3-ff.wav
BTb,ord,F#3,mf,Brass/BTb/ordinario/BTb-ord-F#3-mf.wav
BTb,ord,F#3,pp,Brass/BTb/ordinario/BTb-ord-F#3-pp.wav
BTb,ord,B3,pp,Brass/BTb/ordinario/BTb-ord-B3-pp.wav
BTb,ord,C#2,ff,Brass/BTb/ordinario/BTb-ord-C#2-ff.wav
BTb,ord,C#2,mf,Brass/BTb/ordinario/BTb-ord-C#2-mf.wav
BTb,ord,C#2,pp,Brass/BTb/ordinario/BTb-ord-C#2-pp.wav
BTb,ord,C#3,ff,Brass/BTb/ordinario/BTb-ord-C#3-ff.wav
BTb,ord,C#3,mf,Brass/BTb/ordinario/BTb-ord-C#3-mf.wav
BTb,ord,C#3,pp,Brass/BTb/ordinario/BTb-ord-C#3-pp.wav
BTb,ord,C#4,ff,Brass/BTb/ordinario/BTb-ord-C#4-ff.wav
BTb,ord,C#4,mf,Brass/BTb/ordinario/BTb-ord-C#4-mf.wav
BTb,ord,C#4,pp,Brass/BTb/ordinario/BTb-ord-C#4-pp.wav
BTb,ord,C2,ff,Brass/BTb/ordinario/BTb-ord-C2-ff.wav
BTb,ord,C2,mf,Brass/BTb/ordinario/BTb-ord-C2-mf.wav
BTb,ord,C2,pp,Brass/BTb/ordinario/BTb-ord-C2-pp.wav
BTb,ord,C3,ff,Brass/BTb/ordinario/BTb-ord-C3-ff.wav
BTb,ord,C3,mf,Brass/BTb/ordinario/BTb-ord-C3-mf.wav
BTb,ord,C3,pp,Brass/BTb/ordinario/BTb-ord-C3-pp.wav
BTb,ord,C4,ff,Brass/BTb/ordinario/BTb-ord-C4-ff.wav
BTb,ord,C4,mf,Brass/BTb/ordinario/BTb-ord-C4-mf.wav
BTb,ord,C4,pp,Brass/BTb/ordinario/BTb-ord-C4-pp.wav
BTb,ord,D#2,ff,Brass/BTb/ordinario/BTb-ord-D#2-ff.wav
BTb,ord,D#2,mf,Brass/BTb/ordinario/BTb-ord-D#2-mf.wav
BTb,ord,D#2,pp,Brass/BTb/ordinario/BTb-ord-D#2-pp.wav
BTb,ord,D#3,ff,Brass/BTb/ordinario/BTb-ord-D#3-ff.wav
BTb,ord,D#3,mf,Brass/BTb/ordinario/BTb-ord-D#3-mf.wav
BTb,ord,D#3,pp,Brass/BTb/ordinario/BTb-ord-D#3-pp.wav
BTb,ord,D#4,ff,Brass/BTb/ordinario/BTb-ord-D#4-ff.wav
BTb,ord,D#4,mf,Brass/BTb/ordinario/BTb-ord-D#4-mf.wav
BTb,ord,D#4,pp,Brass/BTb/ordinario/BTb-ord-D#4-pp.wav
BTb,ord,F2,mf,Brass/BTb/ordinario/BTb-ord-F2-mf.wav
BTb,ord,F2,pp,Brass/BTb/ordinario/BTb-ord-F2-pp.wav
BTb,ord,F3,ff,Brass/BTb/ordinario/BTb-ord-F3-ff.wav
BTb,ord,F3,mf,Brass/BTb/ordinario/BTb-ord-F3-mf.wav
BTb,ord,F3,pp,Brass/BTb/ordinario/BTb-ord-F3-pp.wav
BTb,ord,F4,ff,Brass/BTb/ordinario/BTb-ord-F4-ff.wav
BTb,ord,F4,mf,Brass/BTb/ordinario/BTb-ord-F4-mf.wav
BTb,ord,G#1,ff,Brass/BTb/ordinario/BTb-ord-G#1-ff.wav
BTb,ord,G#1,mf,Brass/BTb/ordinario/BTb-ord-G#1-mf.wav
BTb,ord,G#1,pp,Brass/BTb/ordinario/BTb-ord-G#1-pp.wav
BTb,ord,G#2,ff,Brass/BTb/ordinario/BTb-ord-G#2-ff.wav
BTb,ord,G#2,mf,Brass/BTb/ordinario/BTb-ord-G#2-mf.wav
BTb,ord,G#2,pp,Brass/BTb/ordinario/BTb-ord-G#2-pp.wav
BTb,ord,G#3,ff,Brass/BTb/ordinario/BTb-ord-G#3-ff.wav
BTb,ord,G#3,mf,Brass/BTb/ordinario/BTb-ord-G#3-mf.wav
BTb,ord,G#3,pp,Brass/BTb/ordinario/BTb-ord-G#3-pp.wav
BTb,ord,G1,ff,Brass/BTb/ordinario/BTb-ord-G1-ff.wav
BTb,ord,G1,mf,Brass/BTb/ordinario/BTb-ord-G1-mf.wav
BTb,ord,G1,pp,Brass/BTb/ordinario/BTb-ord-G1-pp.wav
BTb,ord,G2,ff,Brass/BTb/ordinario/BTb-ord-G2-ff.wav
BTb,ord,G2,mf,Brass/BTb/ordinario/BTb-ord-G2-mf.wav
BTb,ord,G2,pp,Brass/BTb/ordinario/BTb-ord-G2-pp.wav
BTb,ord,G3,ff,Brass/BTb/ordinario/BTb-ord-G3-ff.wav
BTb,ord,G3,mf,Brass/BTb/ordinario/BTb-ord-G3-mf.wav
BTb,ord,G3,pp,Brass/BTb/ordinario/BTb-ord-G3-pp.wav
BTb,ord,B3,mf,Brass/BTb/ordinario/BTb-ord-B3-mf.wav
BTb,ord,D2,ff,Brass/BTb/ordinario/BTb-ord-D2-ff.wav
BTb,ord,F2,ff,Brass/BTb/ordinario/BTb-ord-F2-ff.wav
Hn,ord,A#1,mf,Brass/Hn/ordinario/Hn-ord-A#1-mf.wav
Hn,ord,A#1,pp,Brass/Hn/ordinario/Hn-ord-A#1-pp.wav
Hn,ord,A#2,ff,Brass/Hn/ordinario/Hn-ord-A#2-ff.wav
Hn,ord,A#2,mf,Brass/Hn/ordinario/Hn-ord-A#2-mf.wav
Hn,ord,A#2,pp,Brass/Hn/ordinario/Hn-ord-A#2-pp.wav
Hn,ord,A#3,ff,Brass/Hn/ordinario/Hn-ord-A#3-ff.wav
Hn,ord,A#3,mf,Brass/Hn/ordinario/Hn-ord-A#3-mf.wav
Hn,ord,A#3,pp,Brass/Hn/ordinario/Hn-ord-A#3-pp.wav
Hn,ord,A#4,ff,Brass/Hn/ordinario/Hn-ord-A#4-ff.wav
Hn,ord,A#4,mf,Brass/Hn/ordinario/Hn-ord-A#4-mf.wav
Hn,ord,A#4,pp,Brass/Hn/ordinario/Hn-ord-A#4-pp.wav
Hn,ord,A1,mf,Brass/Hn/ordinario/Hn-ord-A1-mf.wav
Hn,ord,A2,ff,Brass/Hn/ordinario/Hn-ord-A2-ff.wav
Hn,ord,A2,mf,Brass/Hn/ordinario/Hn-ord-A2-mf.wav
Hn,ord,A2,pp,Brass/Hn/ordinario/Hn-ord-A2-pp.wav
Hn,ord,A3,ff,Brass/Hn/ordinario/Hn-ord-A3-ff.wav
Hn,ord,A3,mf,Brass/Hn/ordinario/Hn-ord-A3-mf.wav
Hn,ord,D3,ff,Brass/Hn/ordinario/Hn-ord-D3-ff.wav
Hn,ord,D3,mf,Brass/Hn/ordinario/Hn-ord-D3-mf.wav
Hn,ord,D3,pp,Brass/Hn/ordinario/Hn-ord-D3-pp.wav
Hn,ord,D4,ff,Brass/Hn/ordinario/Hn-ord-D4-ff.wav
Hn,ord,D4,mf,Brass/Hn/ordinario/Hn-ord-D4-mf.wav
Hn,ord,D4,pp,Brass/Hn/ordinario/Hn-ord-D4-pp.wav
Hn,ord,D5,ff,Brass/Hn/ordinario/Hn-ord-D5-ff.wav
Hn,ord,D5,mf,Brass/Hn/ordinario/Hn-ord-D5-mf.wav
Hn,ord,D5,pp,Brass/Hn/ordinario/Hn-ord-D5-pp.wav
Hn,ord,E2,ff,Brass/Hn/ordinario/Hn-ord-E2-ff.wav
Hn,ord,E2,mf,Brass/Hn/ordinario/Hn-ord-E2-mf.wav
Hn,ord,E2,pp,Brass/Hn/ordinario/Hn-ord-E2-pp.wav
Hn,ord,E3,ff,Brass/Hn/ordinario/Hn-ord-E3-ff.wav
Hn,ord,E3,mf,Brass/Hn/ordinario/Hn-ord-E3-mf.wav
Hn,ord,E3,pp,Brass/Hn/ordinario/Hn-ord-E3-pp.wav
Hn,ord,E4,ff,Brass/Hn/ordinario/Hn-ord-E4-ff.wav
Hn,ord,E4,mf,Brass/Hn/ordinario/Hn-ord-E4-mf.wav
Hn,ord,E4,pp,Brass/Hn/ordinario/Hn-ord-E4-pp.wav
Hn,ord,E5,ff,Brass/Hn/ordinario/Hn-ord-E5-ff.wav
Hn,ord,E5,mf,Brass/Hn/ordinario/Hn-ord-E5-mf.wav
Hn,ord,E5,pp,Brass/Hn/ordinario/Hn-ord-E5-pp.wav
Hn,ord,F#2,ff,Brass/Hn/ordinario/Hn-ord-F#2-ff.wav
Hn,ord,F#2,mf,Brass/Hn/ordinario/Hn-ord-F#2-mf.wav
Hn,ord,F#2,pp,Brass/Hn/ordinario/Hn-ord-F#2-pp.wav
Hn,ord,F#3,ff,Brass/Hn/ordinario/Hn-ord-F#3-ff.wav
Hn,ord,F#3,mf,Brass/Hn/ordinario/Hn-ord-F#3-mf.wav
Hn,ord,F#3,pp,Brass/Hn/ordinario/Hn-ord-F#3-pp.wav
Hn,ord,F#4,ff,Brass/Hn/ordinario/Hn-ord-F#4-ff.wav
Hn,ord,F#4,mf,Brass/Hn/ordinario/Hn-ord-F#4-mf.wav
Hn,ord,F#4,pp,Brass/Hn/ordinario/Hn-ord-F#4-pp.wav
Hn,ord,F2,ff,Brass/Hn/ordinario/Hn-ord-F2-ff.wav
Hn,ord,F2,mf,Brass/Hn/ordinario/Hn-ord-F2-mf.wav
Hn,ord,C#3,ff,Brass/Hn/ordinario/Hn-ord-C#3-ff.wav
Hn,ord,C#3,mf,Brass/Hn/ordinario/Hn-ord-C#3-mf.wav
Hn,ord,C#3,pp,Brass/Hn/ordinario/Hn-ord-C#3-pp.wav
Hn,ord,C#4,ff,Brass/Hn/ordinario/Hn-ord-C#4-ff.wav
Hn,ord,C#4,mf,Brass/Hn/ordinario/Hn-ord-C#4-mf.wav
Hn,ord,C#4,pp,Brass/Hn/ordinario/Hn-ord-C#4-pp.wav
Hn,ord,C#5,ff,Brass/Hn/ordinario/Hn-ord-C#5-ff.wav
Hn,ord,C#5,mf,Brass/Hn/ordinario/Hn-ord-C#5-mf.wav
Hn,ord,C#5,pp,Brass/Hn/ordinario/Hn-ord-C#5-pp.wav
Hn,ord,C2,ff,Brass/Hn/ordinario/Hn-ord-C2-ff.wav
Hn,ord,C2,mf,Brass/Hn/ordinario/Hn-ord-C2-mf.wav
Hn,ord,C2,pp,Brass/Hn/ordinario/Hn-ord-C2-pp.wav
Hn,ord,C3,ff,Brass/Hn/ordinario/Hn-ord-C3-ff.wav
Hn,ord,C3,mf,Brass/Hn/ordinario/Hn-ord-C3-mf.wav
Hn,ord,C3,pp,Brass/Hn/ordinario/Hn-ord-C3-pp.wav
Hn,ord,C4,ff,Brass/Hn/ordinario/Hn-ord-C4-ff.wav
Hn,ord,C4,mf,Brass/Hn/ordinario/Hn-ord-C4-mf.wav
Hn,ord,F3,ff,Brass/Hn/ordinario/Hn-ord-F3-ff.wav
Hn,ord,F3,mf,Brass/Hn/ordinario/Hn-ord-F3-mf.wav
Hn,ord,F3,pp,Brass/Hn/ordinario/Hn-ord-F3-pp.wav
Hn,ord,F4,ff,Brass/Hn/ordinario/Hn-ord-F4-ff.wav
Hn,ord,F4,mf,Brass/Hn/ordinario/Hn-ord-F4-mf.wav
Hn,ord,F4,pp,Brass/Hn/ordinario/Hn-ord-F4-pp.wav
Hn,ord,F5,ff,Brass/Hn/ordinario/Hn-ord-F5-ff.wav
Hn,ord,F5,mf,Brass/Hn/ordinario/Hn-ord-F5-mf.wav
Hn,ord,F5,pp,Brass/Hn/ordinario/Hn-ord-F5-pp.wav
Hn,ord,G#1,mf,Brass/Hn/ordinario/Hn-ord-G#1-mf.wav
Hn,ord,G#2,ff,Brass/Hn/ordinario/Hn-ord-G#2-ff.wav
Hn,ord,G#2,mf,Brass/Hn/ordinario/Hn-ord-G#2-mf.wav
Hn,ord,G#2,pp,Brass/Hn/ordinario/Hn-ord-G#2-pp.wav
Hn,ord,G#3,ff,Brass/Hn/ordinario/Hn-ord-G#3-ff.wav
Hn,ord,G#3,mf,Brass/Hn/ordinario/Hn-ord-G#3-mf.wav
Hn,ord,G#3,pp,Brass/Hn/ordinario/Hn-ord-G#3-pp.wav
Hn,ord,G#4,ff,Brass/Hn/ordinario/Hn-ord-G#4-ff.wav
Hn,ord,G#4,mf,Brass/Hn/ordinario/Hn-ord-G#4-mf.wav
Hn,ord,G#4,pp,Brass/Hn/ordinario/Hn-ord-G#4-pp.wav
Hn,ord,G1,mf,Brass/Hn/ordinario/Hn-ord-G1-mf.wav
Hn,ord,G2,ff,Brass/Hn/ordinario/Hn-ord-G2-ff.wav
Hn,ord,G2,mf,Brass/Hn/ordinario/Hn-ord-G2-mf.wav
Hn,ord,G2,pp,Brass/Hn/ordinario/Hn-ord-G2-pp.wav
Hn,ord,G3,ff,Brass/Hn/ordinario/Hn-ord-G3-ff.wav
Hn,ord,G3,mf,Brass/Hn/ordinario/Hn-ord-G3-mf.wav
Hn,ord,G3,pp,Brass/Hn/ordinario/Hn-ord-G3-pp.wav
Hn,ord,G4,ff,Brass/Hn/ordinario/Hn-ord-G4-ff.wav
Hn,ord,G4,mf,Brass/Hn/ordinario/Hn-ord-G4-mf.wav
Hn,ord,G4,pp,Brass/Hn/ordinario/Hn-ord-G4-pp.wav
Hn,ord,A3,pp,Brass/Hn/ordinario/Hn-ord-A3-pp.wav
Hn,ord,C#2,pp,Brass/Hn/ordinario/Hn-ord-C#2-pp.wav
Hn,ord,C4,pp,Brass/Hn/ordinario/Hn-ord-C4-pp.wav
Hn,ord,D2,pp,Brass/Hn/ordinario/Hn-ord-D2-pp.wav
Hn,ord,F2,pp,Brass/Hn/ordinario/Hn-ord-F2-pp.wav
Hn,ord,C5,ff,Brass/Hn/ordinario/Hn-ord-C5-ff.wav
Hn,ord,C5,mf,Brass/Hn/ordinario/Hn-ord-C5-mf.wav
Hn,ord,C5,pp,Brass/Hn/ordinario/Hn-ord-C5-pp.wav
Hn,ord,D#2,ff,Brass/Hn/ordinario/Hn-ord-D#2-ff.wav
Hn,ord,D#2,mf,Brass/Hn/ordinario/Hn-ord-D#2-mf.wav
Hn,ord,D#2,pp,Brass/Hn/ordinario/Hn-ord-D#2-pp.wav
Hn,ord,D#3,ff,Brass/Hn/ordinario/Hn-ord-D#3-ff.wav
Hn,ord,D#3,mf,Brass/Hn/ordinario/Hn-ord-D#3-mf.wav
Hn,ord,D#3,pp,Brass/Hn/ordinario/Hn-ord-D#3-pp.wav
Hn,ord,D#4,ff,Brass/Hn/ordinario/Hn-ord-D#4-ff.wav
Hn,ord,D#4,mf,Brass/Hn/ordinario/Hn-ord-D#4-mf.wav
Hn,ord,D#4,pp,Brass/Hn/ordinario/Hn-ord-D#4-pp.wav
Hn,ord,D#5,ff,Brass/Hn/ordinario/Hn-ord-D#5-ff.wav
Hn,ord,D#5,mf,Brass/Hn/ordinario/Hn-ord-D#5-mf.wav
Hn,ord,D#5,pp,Brass/Hn/ordinario/Hn-ord-D#5-pp.wav
Hn,ord,D2,ff,Brass/Hn/ordinario/Hn-ord-D2-ff.wav
Hn,ord,D2,mf,Brass/Hn/ordinario/Hn-ord-D2-mf.wav
Hn,ord,A4,ff,Brass/Hn/ordinario/Hn-ord-A4-ff.wav
Hn,ord,A4,mf,Brass/Hn/ordinario/Hn-ord-A4-mf.wav
Hn,ord,A4,pp,Brass/Hn/ordinario/Hn-ord-A4-pp.wav
Hn,ord,B1,ff,Brass/Hn/ordinario/Hn-ord-B1-ff.wav
Hn,ord,B1,mf,Brass/Hn/ordinario/Hn-ord-B1-mf.wav
Hn,ord,B1,pp,Brass/Hn/ordinario/Hn-ord-B1-pp.wav
Hn,ord,B2,ff,Brass/Hn/ordinario/Hn-ord-B2-ff.wav
Hn,ord,B2,mf,Brass/Hn/ordinario/Hn-ord-B2-mf.wav
Hn,ord,B2,pp,Brass/Hn/ordinario/Hn-ord-B2-pp.wav
Hn,ord,B3,ff,Brass/Hn/ordinario/Hn-ord-B3-ff.wav
Hn,ord,B3,mf,Brass/Hn/ordinario/Hn-ord-B3-mf.wav
Hn,ord,B3,pp,Brass/Hn/ordinario/Hn-ord-B3-pp.wav
Hn,ord,B4,ff,Brass/Hn/ordinario/Hn-ord-B4-ff.wav
Hn,ord,B4,mf,Brass/Hn/ordinario/Hn-ord-B4-mf.wav
Hn,ord,B4,pp,Brass/Hn/ordinario/Hn-ord-B4-pp.wav
Hn,ord,C#2,ff,Brass/Hn/ordinario/Hn-ord-C#2-ff.wav
Hn,ord,C#2,mf,Brass/Hn/ordinario/Hn-ord-C#2-mf.wav
Tbn,ord,A#0,ff,Brass/Tbn/ordinario/Tbn-ord-A#0-ff.wav
Tbn,ord,A#0,pp,Brass/Tbn/ordinario/Tbn-ord-A#0-pp.wav
Tbn,ord,A#1,ff,Brass/Tbn/ordinario/Tbn-ord-A#1-ff.wav
Tbn,ord,A#1,mf,Brass/Tbn/ordinario/Tbn-ord-A#1-mf.wav
Tbn,ord,A#1,pp,Brass/Tbn/ordinario/Tbn-ord-A#1-pp.wav
Tbn,ord,A#2,ff,Brass/Tbn/ordinario/Tbn-ord-A#2-ff.wav
Tbn,ord,A#2,mf,Brass/Tbn/ordinario/Tbn-ord-A#2-mf.wav
Tbn,ord,A#2,pp,Brass/Tbn/ordinario/Tbn-ord-A#2-pp.wav
Tbn,ord,A#3,ff,Brass/Tbn/ordinario/Tbn-ord-A#3-ff.wav
Tbn,ord,A#3,mf,Brass/Tbn/ordinario/Tbn-ord-A#3-mf.wav
Tbn,ord,A#3,pp,Brass/Tbn/ordinario/Tbn-ord-A#3-pp.wav
Tbn,ord,A#4,ff,Brass/Tbn/ordinario/Tbn-ord-A#4-ff.wav
Tbn,ord,A#4,mf,Brass/Tbn/ordinario/Tbn-ord-A#4-mf.wav
Tbn,ord,A#4,pp,Brass/Tbn/ordinario/Tbn-ord-A#4-pp.wav
Tbn,ord,A2,ff,Brass/Tbn/ordinario/Tbn-ord-A2-ff.wav
Tbn,ord,A2,mf,Brass/Tbn/ordinario/Tbn-ord-A2-mf.wav
Tbn,ord,A2,pp,Brass/Tbn/ordinario/Tbn-ord-A2-pp.wav
Tbn,ord,A3,ff,Brass/Tbn/ordinario/Tbn-ord-A3-ff.wav
Tbn,ord,A3,mf,Brass/Tbn/ordinario/Tbn-ord-A3-mf.wav
Tbn,ord,A3,pp,Brass/Tbn/ordinario/Tbn-ord-A3-pp.wav
Tbn,ord,A4,ff,Brass/Tbn/ordinario/Tbn-ord-A4-ff.wav
Tbn,ord,A4,mf,Brass/Tbn/ordinario/Tbn-ord-A4-mf.wav
Tbn,ord,A4,pp,Brass/Tbn/ordinario/Tbn-ord-A4-pp.wav
Tbn,ord,B1,ff,Brass/Tbn/ordinario/Tbn-ord-B1-ff.wav
Tbn,ord,B1,mf,Brass/Tbn/ordinario/Tbn-ord-B1-mf.wav
Tbn,ord,B1,pp,Brass/Tbn/ordinario/Tbn-ord-B1-pp.wav
Tbn,ord,B2,ff,Brass/Tbn/ordinario/Tbn-ord-B2-ff.wav
Tbn,ord,D#3,pp,Brass/Tbn/ordinario/Tbn-ord-D#3-pp.wav
Tbn,ord,D#4,ff,Brass/Tbn/ordinario/Tbn-ord-D#4-ff.wav
Tbn,ord,D#4,mf,Brass/Tbn/ordinario/Tbn-ord-D#4-mf.wav
Tbn,ord,D#4,pp,Brass/Tbn/ordinario/Tbn-ord-D#4-pp.wav
Tbn,ord,D2,ff,Brass/Tbn/ordinario/Tbn-ord-D2-ff.wav
Tbn,ord,D2,mf,Brass/Tbn/ordinario/Tbn-ord-D2-mf.wav
Tbn,ord,D2,pp,Brass/Tbn/ordinario/Tbn-ord-D2-pp.wav
Tbn,ord,D3,ff,Brass/Tbn/ordinario/Tbn-ord-D3-ff.wav
Tbn,ord,D3,mf,Brass/Tbn/ordinario/Tbn-ord-D3-mf.wav
Tbn,ord,D3,pp,Brass/Tbn/ordinario/Tbn-ord-D3-pp.wav
Tbn,ord,D4,ff,Brass/Tbn/ordinario/Tbn-ord-D4-ff.wav
Tbn,ord,D4,mf,Brass/Tbn/ordinario/Tbn-ord-D4-mf.wav
Tbn,ord,D4,pp,Brass/Tbn/ordinario/Tbn-ord-D4-pp.wav
Tbn,ord,E2,ff,Brass/Tbn/ordinario/Tbn-ord-E2-ff.wav
Tbn,ord,E2,mf,Brass/Tbn/ordinario/Tbn-ord-E2-mf.wav
Tbn,ord,E2,pp,Brass/Tbn/ordinario/Tbn-ord-E2-pp.wav
Tbn,ord,E3,ff,Brass/Tbn/ordinario/Tbn-ord-E3-ff.wav
Tbn,ord,E3,mf,Brass/Tbn/ordinario/Tbn-ord-E3-mf.wav
Tbn,ord,E3,pp,Brass/Tbn/ordinario/Tbn-ord-E3-pp.wav
Tbn,ord,E4,ff,Brass/Tbn/ordinario/Tbn-ord-E4-ff.wav
Tbn,ord,E4,mf,Brass/Tbn/ordinario/Tbn-ord-E4-mf.wav
Tbn,ord,E4,pp,Brass/Tbn/ordinario/Tbn-ord-E4-pp.wav
Tbn,ord,F#2,ff,Brass/Tbn/ordinario/Tbn-ord-F#2-ff.wav
Tbn,ord,F#2,mf,Brass/Tbn/ordinario/Tbn-ord-F#2-mf.wav
Tbn,ord,F#2,pp,Brass/Tbn/ordinario/Tbn-ord-F#2-pp.wav
Tbn,ord,F#3,ff,Brass/Tbn/ordinario/Tbn-ord-F#3-ff.wav
Tbn,ord,F#3,mf,Brass/Tbn/ordinario/Tbn-ord-F#3-mf.wav
Tbn,ord,F#3,pp,Brass/Tbn/ordinario/Tbn-ord-F#3-pp.wav
Tbn,ord,F#4,ff,Brass/Tbn/ordinario/Tbn-ord-F#4-ff.wav
Tbn,ord,B2,pp,Brass/Tbn/ordinario/Tbn-ord-B2-pp.wav
Tbn,ord,B3,ff,Brass/Tbn/ordinario/Tbn-ord-B3-ff.wav
Tbn,ord,B3,mf,Brass/Tbn/ordinario/Tbn-ord-B3-mf.wav
Tbn,ord,B3,pp,Brass/Tbn/ordinario/Tbn-ord-B3-pp.wav
Tbn,ord,B4,ff,Brass/Tbn/ordinario/Tbn-ord-B4-ff.wav
Tbn,ord,B4,mf,Brass/Tbn/ordinario/Tbn-ord-B4-mf.wav
Tbn,ord,B4,pp,Brass/Tbn/ordinario/Tbn-ord-B4-pp.wav
Tbn,ord,C#2,ff,Brass/Tbn/ordinario/Tbn-ord-C#2-ff.wav
Tbn,ord,C#2,mf,Brass/Tbn/ordinario/Tbn-ord-C#2-mf.wav
Tbn,ord,C#2,pp,Brass/Tbn/ordinario/Tbn-ord-C#2-pp.wav
Tbn,ord,C#3,ff,Brass/Tbn/ordinario/Tbn-ord-C#3-ff.wav
Tbn,ord,C#3,mf,Brass/Tbn/ordinario/Tbn-ord-C#3-mf.wav
Tbn,ord,C#3,pp,Brass/Tbn/ordinario/Tbn-ord-C#3-pp.wav
Tbn,ord,C#4,ff,Brass/Tbn/ordinario/Tbn-ord-C#4-ff.wav
Tbn,ord,C#4,mf,Brass/Tbn/ordinario/Tbn-ord-C#4-mf.wav
Tbn,ord,C#4,pp,Brass/Tbn/ordinario/Tbn-ord-C#4-pp.wav
Tbn,ord,C2,ff,Brass/Tbn/ordinario/Tbn-ord-C2-ff.wav
Tbn,ord,C2,mf,Brass/Tbn/ordinario/Tbn-ord-C2-mf.wav
Tbn,ord,C2,pp,Brass/Tbn/ordinario/Tbn-ord-C2-pp.wav
Tbn,ord,C3,ff,Brass/Tbn/ordinario/Tbn-ord-C3-ff.wav
Tbn,ord,C3,mf,Brass/Tbn/ordinario/Tbn-ord-C3-mf.wav
Tbn,ord,C3,pp,Brass/Tbn/ordinario/Tbn-ord-C3-pp.wav
Tbn,ord,C4,ff,Brass/Tbn/ordinario/Tbn-ord-C4-ff.wav
Tbn,ord,C4,mf,Brass/Tbn/ordinario/Tbn-ord-C4-mf.wav
Tbn,ord,C4,pp,Brass/Tbn/ordinario/Tbn-ord-C4-pp.wav
Tbn,ord,C5,ff,Brass/Tbn/ordinario/Tbn-ord-C5-ff.wav
Tbn,ord,C5,mf,Brass/Tbn/ordinario/Tbn-ord-C5-mf.wav
Tbn,ord,C5,pp,Brass/Tbn/ordinario/Tbn-ord-C5-pp.wav
Tbn,ord,D#2,ff,Brass/Tbn/ordinario/Tbn-ord-D#2-ff.wav
Tbn,ord,D#2,mf,Brass/Tbn/ordinario/Tbn-ord-D#2-mf.wav
Tbn,ord,D#2,pp,Brass/Tbn/ordinario/Tbn-ord-D#2-pp.wav
Tbn,ord,D#3,ff,Brass/Tbn/ordinario/Tbn-ord-D#3-ff.wav
Tbn,ord,F#4,pp,Brass/Tbn/ordinario/Tbn-ord-F#4-pp.wav
Tbn,ord,F2,ff,Brass/Tbn/ordinario/Tbn-ord-F2-ff.wav
Tbn,ord,F2,mf,Brass/Tbn/ordinario/Tbn-ord-F2-mf.wav
Tbn,ord,F2,pp,Brass/Tbn/ordinario/Tbn-ord-F2-pp.wav
Tbn,ord,F3,ff,Brass/Tbn/ordinario/Tbn-ord-F3-ff.wav
Tbn,ord,F3,mf,Brass/Tbn/ordinario/Tbn-ord-F3-mf.wav
Tbn,ord,F3,pp,Brass/Tbn/ordinario/Tbn-ord-F3-pp.wav
Tbn,ord,F4,ff,Brass/Tbn/ordinario/Tbn-ord-F4-ff.wav
Tbn,ord,F4,mf,Brass/Tbn/ordinario/Tbn-ord-F4-mf.wav
Tbn,ord,F4,pp,Brass/Tbn/ordinario/Tbn-ord-F4-pp.wav
Tbn,ord,G#2,ff,Brass/Tbn/ordinario/Tbn-ord-G#2-ff.wav
Tbn,ord,G#2,mf,Brass/Tbn/ordinario/Tbn-ord-G#2-mf.wav
Tbn,ord,G#2,pp,Brass/Tbn/ordinario/Tbn-ord-G#2-pp.wav
Tbn,ord,G#3,ff,Brass/Tbn/ordinario/Tbn-ord-G#3-ff.wav
Tbn,ord,G#3,mf,Brass/Tbn/ordinario/Tbn-ord-G#3-mf.wav
Tbn,ord,G#3,pp,Brass/Tbn/ordinario/Tbn-ord-G#3-pp.wav
Tbn,ord,G#4,ff,Brass/Tbn/ordinario/Tbn-ord-G#4-ff.wav
Tbn,ord,G#4,mf,Brass/Tbn/ordinario/Tbn-ord-G#4-mf.wav
Tbn,ord,G#4,pp,Brass/Tbn/ordinario/Tbn-ord-G#4-pp.wav
Tbn,ord,G2,ff,Brass/Tbn/ordinario/Tbn-ord-G2-ff.wav
Tbn,ord,G2,mf,Brass/Tbn/ordinario/Tbn-ord-G2-mf.wav
Tbn,ord,G2,pp,Brass/Tbn/ordinario/Tbn-ord-G2-pp.wav
Tbn,ord,G3,ff,Brass/Tbn/ordinario/Tbn-ord-G3-ff.wav
Tbn,ord,G3,mf,Brass/Tbn/ordinario/Tbn-ord-G3-mf.wav
Tbn,ord,G3,pp,Brass/Tbn/ordinario/Tbn-ord-G3-pp.wav
Tbn,ord,G4,ff,Brass/Tbn/ordinario/Tbn-ord-G4-ff.wav
Tbn,ord,G4,mf,Brass/Tbn/ordinario/Tbn-ord-G4-mf.wav
Tbn,ord,G4,pp,Brass/Tbn/ordinario/Tbn-ord-G4-pp.wav
Tbn,ord,B2,mf,Brass/Tbn/ordinario/Tbn-ord-B2-mf.wav
Tbn,ord,D#3,mf,Brass/Tbn/ordinario/Tbn-ord-D#3-mf.wav
Tbn,ord,F#4,mf,Brass/Tbn/ordinario/Tbn-ord-F#4-mf.wav
TpC,ord,A#3,ff,Brass/TpC/ordinario/TpC-ord-A#3-ff.wav
TpC,ord,A#3,mf,Brass/TpC/ordinario/TpC-ord-A#3-mf.wav
TpC,ord,A#3,pp,Brass/TpC/ordinario/TpC-ord-A#3-pp.wav
TpC,ord,A#4,ff,Brass/TpC/ordinario/TpC-ord-A#4-ff.wav
TpC,ord,A#4,mf,Brass/TpC/ordinario/TpC-ord-A#4-mf.wav
TpC,ord,A#4,pp,Brass/TpC/ordinario/TpC-ord-A#4-pp.wav
TpC,ord,A#5,ff,Brass/TpC/ordinario/TpC-ord-A#5-ff.wav
TpC,ord,A#5,mf,Brass/TpC/ordinario/TpC-ord-A#5-mf.wav
TpC,ord,A#5,pp,Brass/TpC/ordinario/TpC-ord-A#5-pp.wav
TpC,ord,A3,ff,Brass/TpC/ordinario/TpC-ord-A3-ff.wav
TpC,ord,A3,mf,Brass/TpC/ordinario/TpC-ord-A3-mf.wav
TpC,ord,A3,pp,Brass/TpC/ordinario/TpC-ord-A3-pp.wav
TpC,ord,A4,ff,Brass/TpC/ordinario/TpC-ord-A4-ff.wav
TpC,ord,A4,mf,Brass/TpC/ordinario/TpC-ord-A4-mf.wav
TpC,ord,A4,pp,Brass/TpC/ordinario/TpC-ord-A4-pp.wav
TpC,ord,A5,ff,Brass/TpC/ordinario/TpC-ord-A5-ff.wav
TpC,ord,A5,mf,Brass/TpC/ordinario/TpC-ord-A5-mf.wav
TpC,ord,A5,pp,Brass/TpC/ordinario/TpC-ord-A5-pp.wav
TpC,ord,B3,ff,Brass/TpC/ordinario/TpC-ord-B3-ff.wav
TpC,ord,B3,mf,Brass/TpC/ordinario/TpC-ord-B3-mf.wav
TpC,ord,B3,pp,Brass/TpC/ordinario/TpC-ord-B3-pp.wav
TpC,ord,B4,ff,Brass/TpC/ordinario/TpC-ord-B4-ff.wav
TpC,ord,B4,mf,Brass/TpC/ordinario/TpC-ord-B4-mf.wav
TpC,ord,B4,pp,Brass/TpC/ordinario/TpC-ord-B4-pp.wav
TpC,ord,D#5,pp,Brass/TpC/ordinario/TpC-ord-D#5-pp.wav
TpC,ord,D4,ff,Brass/TpC/ordinario/TpC-ord-D4-ff.wav
TpC,ord,D4,mf,Brass/TpC/ordinario/TpC-ord-D4-mf.wav
TpC,ord,D4,pp,Brass/TpC/ordinario/TpC-ord-D4-pp.wav
TpC,ord,D5,ff,Brass/TpC/ordinario/TpC-ord-D5-ff.wav
TpC,ord,D5,mf,Brass/TpC/ordinario/TpC-ord-D5-mf.wav
TpC,ord,D5,pp,Brass/TpC/ordinario/TpC-ord-D5-pp.wav
TpC,ord,D6,mf,Brass/TpC/ordinario/TpC-ord-D6-mf.wav
TpC,ord,D6,pp,Brass/TpC/ordinario/TpC-ord-D6-pp.wav
TpC,ord,E4,ff,Brass/TpC/ordinario/TpC-ord-E4-ff.wav
TpC,ord,E4,mf,Brass/TpC/ordinario/TpC-ord-E4-mf.wav
TpC,ord,E4,pp,Brass/TpC/ordinario/TpC-ord-E4-pp.wav
TpC,ord,E5,ff,Brass/TpC/ordinario/TpC-ord-E5-ff.wav
TpC,ord,E5,mf,Brass/TpC/ordinario/TpC-ord-E5-mf.wav
TpC,ord,E5,pp,Brass/TpC/ordinario/TpC-ord-E5-pp.wav
TpC,ord,F#3,mf,Brass/TpC/ordinario/TpC-ord-F#3-mf.wav
TpC,ord,F#3,pp,Brass/TpC/ordinario/TpC-ord-F#3-pp.wav
TpC,ord,F#4,ff,Brass/TpC/ordinario/TpC-ord-F#4-ff.wav
TpC,ord,F#4,mf,Brass/TpC/ordinario/TpC-ord-F#4-mf.wav
TpC,ord,F#4,pp,Brass/TpC/ordinario/TpC-ord-F#4-pp.wav
TpC,ord,F#5,ff,Brass/TpC/ordinario/TpC-ord-F#5-ff.wav
TpC,ord,F#5,mf,Brass/TpC/ordinario/TpC-ord-F#5-mf.wav
TpC,ord,B5,mf,Brass/TpC/ordinario/TpC-ord-B5-mf.wav
TpC,ord,B5,pp,Brass/TpC/ordinario/TpC-ord-B5-pp.wav
TpC,ord,C#4,ff,Brass/TpC/ordinario/TpC-ord-C#4-ff.wav
TpC,ord,C#4,mf,Brass/TpC/ordinario/TpC-ord-C#4-mf.wav
TpC,ord,C#4,pp,Brass/TpC/ordinario/TpC-ord-C#4-pp.wav
TpC,ord,C#5,ff,Brass/TpC/ordinario/TpC-ord-C#5-ff.wav
TpC,ord,C#5,mf,Brass/TpC/ordinario/TpC-ord-C#5-mf.wav
TpC,ord,C#5,pp,Brass/TpC/ordinario/TpC-ord-C#5-pp.wav
TpC,ord,C#6,mf,Brass/TpC/ordinario/TpC-ord-C#6-mf.wav
TpC,ord,C#6,pp,Brass/TpC/ordinario/TpC-ord-C#6-pp.wav
TpC,ord,C4,ff,Brass/TpC/ordinario/TpC-ord-C4-ff.wav
TpC,ord,C4,mf,Brass/TpC/ordinario/TpC-ord-C4-mf.wav
TpC,ord,C4,pp,Brass/TpC/ordinario/TpC-ord-C4-pp.wav
TpC,ord,C5,ff,Brass/TpC/ordinario/TpC-ord-C5-ff.wav
TpC,ord,C5,mf,Brass/TpC/ordinario/TpC-ord-C5-mf.wav
TpC,ord,C5,pp,Brass/TpC/ordinario/TpC-ord-C5-pp.wav
TpC,ord,C6,ff,Brass/TpC/ordinario/TpC-ord-C6-ff.wav
TpC,ord,C6,mf,Brass/TpC/ordinario/TpC-ord-C6-mf.wav
TpC,ord,C6,pp,Brass/TpC/ordinario/TpC-ord-C6-pp.wav
TpC,ord,D#4,ff,Brass/TpC/ordinario/TpC-ord-D#4-ff.wav
TpC,ord,D#4,mf,Brass/TpC/ordinario/TpC-ord-D#4-mf.wav
TpC,ord,D#4,pp,Brass/TpC/ordinario/TpC-ord-D#4-pp.wav
TpC,ord,D#5,ff,Brass/TpC/ordinario/TpC-ord-D#5-ff.wav
TpC,ord,F4,ff,Brass/TpC/ordinario/TpC-ord-F4-ff.wav
TpC,ord,F4,mf,Brass/TpC/ordinario/TpC-ord-F4-mf.wav
TpC,ord,F4,pp,Brass/TpC/ordinario/TpC-ord-F4-pp.wav
TpC,ord,F5,ff,Brass/TpC/ordinario/TpC-ord-F5-ff.wav
TpC,ord,F5,mf,Brass/TpC/ordinario/TpC-ord-F5-mf.wav
TpC,ord,F5,pp,Brass/TpC/ordinario/TpC-ord-F5-pp.wav
TpC,ord,G#3,ff,Brass/TpC/ordinario/TpC-ord-G#3-ff.wav
TpC,ord,G#3,mf,Brass/TpC/ordinario/TpC-ord-G#3-mf.wav
TpC,ord,G#3,pp,Brass/TpC/ordinario/TpC-ord-G#3-pp.wav
TpC,ord,G#4,ff,Brass/TpC/ordinario/TpC-ord-G#4-ff.wav
TpC,ord,G#4,mf,Brass/TpC/ordinario/TpC-ord-G#4-mf.wav
TpC,ord,G#4,pp,Brass/TpC/ordinario/TpC-ord-G#4-pp.wav
TpC,ord,G#5,ff,Brass/TpC/ordinario/TpC-ord-G#5-ff.wav
TpC,ord,G#5,mf,Brass/TpC/ordinario/TpC-ord-G#5-mf.wav
TpC,ord,G#5,pp,Brass/TpC/ordinario/TpC-ord-G#5-pp.wav
TpC,ord,G3,ff,Brass/TpC/ordinario/TpC-ord-G3-ff.wav
TpC,ord,G3,mf,Brass/TpC/ordinario/TpC-ord-G3-mf.wav
TpC,ord,G3,pp,Brass/TpC/ordinario/TpC-ord-G3-pp.wav
TpC,ord,G4,ff,Brass/TpC/ordinario/TpC-ord-G4-ff.wav
TpC,ord,G4,mf,Brass/TpC/ordinario/TpC-ord-G4-mf.wav
TpC,ord,G4,pp,Brass/TpC/ordinario/TpC-ord-G4-pp.wav
TpC,ord,G5,ff,Brass/TpC/ordinario/TpC-ord-G5-ff.wav
TpC,ord,G5,mf,Brass/TpC/ordinario/TpC-ord-G5-mf.wav
TpC,ord,G5,pp,Brass/TpC/ordinario/TpC-ord-G5-pp.wav
TpC,ord,B5,ff,Brass/TpC/ordinario/TpC-ord-B5-ff.wav
TpC,ord,D#5,mf,Brass/TpC/ordinario/TpC-ord-D#5-mf.wav
TpC,ord,F#5,pp,Brass/TpC/ordinario/TpC-ord-F#5-pp.wav
Cb,ord,A#1,ff,Strings/Cb/ordinario/Cb-ord-A#1-ff-3c.wav
Cb,ord,A#1,mf,Strings/Cb/ordinario/Cb-ord-A#1-mf-3c.wav
Cb,ord,A#1,pp,Strings/Cb/ordinario/Cb-ord-A#1-pp-3c.wav
Cb,ord,A#2,ff,Strings/Cb/ordinario/Cb-ord-A#2-ff-1c.wav
Cb,ord,A#2,mf,Strings/Cb/ordinario/Cb-ord-A#2-mf-1c.wav
Cb,ord,A#2,pp,Strings/Cb/ordinario/Cb-ord-A#2-pp-1c.wav
Cb,ord,A#3,ff,Strings/Cb/ordinario/Cb-ord-A#3-ff-1c.wav
Cb,ord,A#3,mf,Strings/Cb/ordinario/Cb-ord-A#3-mf-1c.wav
Cb,ord,A#3,pp,Strings/Cb/ordinario/Cb-ord-A#3-pp-1c.wav
Cb,ord,A#4,ff,Strings/Cb/ordinario/Cb-ord-A#4-ff-1c.wav
Cb,ord,A#4,mf,Strings/Cb/ordinario/Cb-ord-A#4-mf-1c.wav
Cb,ord,A#4,pp,Strings/Cb/ordinario/Cb-ord-A#4-pp-1c.wav
Cb,ord,A1,ff,Strings/Cb/ordinario/Cb-ord-A1-ff-3c.wav
Cb,ord,A1,ff,Strings/Cb/ordinario/Cb-ord-A1-ff-4c.wav
Cb,ord,A1,mf,Strings/Cb/ordinario/Cb-ord-A1-mf-3c.wav
Cb,ord,A1,mf,Strings/Cb/ordinario/Cb-ord-A1-mf-4c.wav
Cb,ord,A1,pp,Strings/Cb/ordinario/Cb-ord-A1-pp-3c.wav
Cb,ord,A1,pp,Strings/Cb/ordinario/Cb-ord-A1-pp-4c.wav
Cb,ord,A2,ff,Strings/Cb/ordinario/Cb-ord-A2-ff-2c.wav
Cb,ord,E3,mf,Strings/Cb/ordinario/Cb-ord-E3-mf-1c.wav
Cb,ord,E3,pp,Strings/Cb/ordinario/Cb-ord-E3-pp-1c.wav
Cb,ord,E4,ff,Strings/Cb/ordinario/Cb-ord-E4-ff-1c.wav
Cb,ord,E4,mf,Strings/Cb/ordinario/Cb-ord-E4-mf-1c.wav
Cb,ord,E4,pp,Strings/Cb/ordinario/Cb-ord-E4-pp-1c.wav
Cb,ord,F#1,ff,Strings/Cb/ordinario/Cb-ord-F#1-ff-4c.wav
Cb,ord,F#1,mf,Strings/Cb/ordinario/Cb-ord-F#1-mf-4c.wav
Cb,ord,F#1,pp,Strings/Cb/ordinario/Cb-ord-F#1-pp-4c.wav
Cb,ord,F#2,ff,Strings/Cb/ordinario/Cb-ord-F#2-ff-2c.wav
Cb,ord,F#2,mf,Strings/Cb/ordinario/Cb-ord-F#2-mf-2c.wav
Cb,ord,F#2,pp,Strings/Cb/ordinario/Cb-ord-F#2-pp-2c.wav
Cb,ord,F#3,ff,Strings/Cb/ordinario/Cb-ord-F#3-ff-1c.wav
Cb,ord,F#3,mf,Strings/Cb/ordinario/Cb-ord-F#3-mf-1c.wav
Cb,ord,F#3,pp,Strings/Cb/ordinario/Cb-ord-F#3-pp-1c.wav
Cb,ord,F#4,ff,Strings/Cb/ordinario/Cb-ord-F#4-ff-1c.wav
Cb,ord,F#4,mf,Strings/Cb/ordinario/Cb-ord-F#4-mf-1c.wav
Cb,ord,F#4,pp,Strings/Cb/ordinario/Cb-ord-F#4-pp-1c.wav
Cb,ord,F1,ff,Strings/Cb/ordinario/Cb-ord-F1-ff-4c.wav
Cb,ord,F1,mf,Strings/Cb/ordinario/Cb-ord-F1-mf-4c.wav
Cb,ord,B4,mf,Strings/Cb/ordinario/Cb-ord-B4-mf-1c.wav
Cb,ord,B4,pp,Strings/Cb/ordinario/Cb-ord-B4-pp-1c.wav
Cb,ord,C#2,ff,Strings/Cb/ordinario/Cb-ord-C#2-ff-3c.wav
Cb,ord,C#2,mf,Strings/Cb/ordinario/Cb-ord-C#2-mf-3c.wav
Cb,ord,C#2,pp,Strings/Cb/ordinario/Cb-ord-C#2-pp-3c.wav
Cb,ord,C#3,ff,Strings/Cb/ordinario/Cb-ord-C#3-ff-1c.wav
Cb,ord,C#3,mf,Strings/Cb/ordinario/Cb-ord-C#3-mf-1c.wav
Cb,ord,C#3,pp,Strings/Cb/ordinario/Cb-ord-C#3-pp-1c.wav
Cb,ord,C#4,ff,Strings/Cb/ordinario/Cb-ord-C#4-ff-1c.wav
Cb,ord,C#4,mf,Strings/Cb/ordinario/Cb-ord-C#4-mf-1c.wav
Cb,ord,C#4,pp,Strings/Cb/ordinario/Cb-ord-C#4-pp-1c.wav
Cb,ord,C2,ff,Strings/Cb/ordinario/Cb-ord-C2-ff-3c.wav
Cb,ord,C2,mf,Strings/Cb/ordinario/Cb-ord-C2-mf-3c.wav
Cb,ord,C2,pp,Strings/Cb/ordinario/Cb-ord-C2-pp-3c.wav
Cb,ord,C3,ff,Strings/Cb/ordinario/Cb-ord-C3-ff-1c.wav
Cb,ord,C3,mf,Strings/Cb/ordinario/Cb-ord-C3-mf-1c.wav
Cb,ord,C3,pp,Strings/Cb/ordinario/Cb-ord-C3-pp-1c.wav
Cb,ord,C4,ff,Strings/Cb/ordinario/Cb-ord-C4-ff-1c.wav
Cb,ord,C4,mf,Strings/Cb/ordinario/Cb-ord-C4-mf-1c.wav
Cb,ord,C4,pp,Strings/Cb/ordinario/Cb-ord-C4-pp-1c.wav
Cb,ord,C5,ff,Strings/Cb/ordinario/Cb-ord-C5-ff-1c.wav
Cb,ord,C5,mf,Strings/Cb/ordinario/Cb-ord-C5-mf-1c.wav
Cb,ord,C5,pp,Strings/Cb/ordinario/Cb-ord-C5-pp-1c.wav
Cb,ord,D#2,ff,Strings/Cb/ordinario/Cb-ord-D#2-ff-2c.wav
Cb,ord,D#2,mf,Strings/Cb/ordinario/Cb-ord-D#2-mf-2c.wav
Cb,ord,D#2,pp,Strings/Cb/ordinario/Cb-ord-D#2-pp-2c.wav
Cb,ord,D#3,ff,Strings/Cb/ordinario/Cb-ord-D#3-ff-1c.wav
Cb,ord,D#3,mf,Strings/Cb/ordinario/Cb-ord-D#3-mf-1c.wav
Cb,ord,G#3,mf,Strings/Cb/ordinario/Cb-ord-G#3-mf-1c.wav
Cb,ord,G#3,pp,Strings/Cb/ordinario/Cb-ord-G#3-pp-1c.wav
Cb,ord,G#4,ff,Strings/Cb/ordinario/Cb-ord-G#4-ff-1c.wav
Cb,ord,G#4,mf,Strings/Cb/ordinario/Cb-ord-G#4-mf-1c.wav
Cb,ord,G#4,pp,Strings/Cb/ordinario/Cb-ord-G#4-pp-1c.wav
Cb,ord,G1,ff,Strings/Cb/ordinario/Cb-ord-G1-ff-4c.wav
Cb,ord,G1,mf,Strings/Cb/ordinario/Cb-ord-G1-mf-4c.wav
Cb,ord,G1,pp,Strings/Cb/ordinario/Cb-ord-G1-pp-4c.wav
Cb,ord,G2,ff,Strings/Cb/ordinario/Cb-ord-G2-ff-1c.wav
Cb,ord,G2,ff,Strings/Cb/ordinario/Cb-ord-G2-ff-2c.wav
Cb,ord,G2,mf,Strings/Cb/ordinario/Cb-ord-G2-mf-1c.wav
Cb,ord,G2,mf,Strings/Cb/ordinario/Cb-ord-G2-mf-2c.wav
Cb,ord,G2,pp,Strings/Cb/ordinario/Cb-ord-G2-pp-1c.wav
Cb,ord,G2,pp,Strings/Cb/ordinario/Cb-ord-G2-pp-2c.wav
Cb,ord,G3,ff,Strings/Cb/ordinario/Cb-ord-G3-ff-1c.wav
Cb,ord,G3,mf,Strings/Cb/ordinario/Cb-ord-G3-mf-1c.wav
Cb,ord,G3,pp,Strings/Cb/ordinario/Cb-ord-G3-pp-1c.wav
Cb,ord,G4,ff,Strings/Cb/ordinario/Cb-ord-G4-ff-1c.wav
Cb,ord,G4,mf,Strings/Cb/ordinario/Cb-ord-G4-mf-1c.wav
Cb,ord,G4,pp,Strings/Cb/ordinario/Cb-ord-G4-pp-1c.wav
Cb,ord,A2,mf,Strings/Cb/ordinario/Cb-ord-A2-mf-1c.wav
Cb,ord,B4,ff,Strings/Cb/ordinario/Cb-ord-B4-ff-1c.wav
Cb,ord,D#3,pp,Strings/Cb/ordinario/Cb-ord-D#3-pp-1c.wav
Cb,ord,E3,ff,Strings/Cb/ordinario/Cb-ord-E3-ff-1c.wav
Cb,ord,F1,pp,Strings/Cb/ordinario/Cb-ord-F1-pp-4c.wav
Cb,ord,G#3,ff,Strings/Cb/ordinario/Cb-ord-G#3-ff-1c.wav
Cb,ord,D#4,ff,Strings/Cb/ordinario/Cb-ord-D#4-ff-1c.wav
Cb,ord,D#4,mf,Strings/Cb/ordinario/Cb-ord-D#4-mf-1c.wav
Cb,ord,D#4,pp,Strings/Cb/ordinario/Cb-ord-D#4-pp-1c.wav
Cb,ord,D2,ff,Strings/Cb/ordinario/Cb-ord-D2-ff-2c.wav
Cb,ord,D2,ff,Strings/Cb/ordinario/Cb-ord-D2-ff-3c.wav
Cb,ord,D2,mf,Strings/Cb/ordinario/Cb-ord-D2-mf-2c.wav
Cb,ord,D2,mf,Strings/Cb/ordinario/Cb-ord-D2-mf-3c.wav
Cb,ord,D2,pp,Strings/Cb/ordinario/Cb-ord-D2-pp-2c.wav
Cb,ord,D2,pp,Strings/Cb/ordinario/Cb-ord-D2-pp-3c.wav
Cb,ord,D3,ff,Strings/Cb/ordinario/Cb-ord-D3-ff-1c.wav
Cb,ord,D3,mf,Strings/Cb/ordinario/Cb-ord-D3-mf-1c.wav
Cb,ord,D3,pp,Strings/Cb/ordinario/Cb-ord-D3-pp-1c.wav
Cb,ord,D4,ff,Strings/Cb/ordinario/Cb-ord-D4-ff-1c.wav
Cb,ord,D4,mf,Strings/Cb/ordinario/Cb-ord-D4-mf-1c.wav
Cb,ord,D4,pp,Strings/Cb/ordinario/Cb-ord-D4-pp-1c.wav
Cb,ord,E1,ff,Strings/Cb/ordinario/Cb-ord-E1-ff-4c.wav
Cb,ord,E1,mf,Strings/Cb/ordinario/Cb-ord-E1-mf-4c.wav
Cb,ord,E1,pp,Strings/Cb/ordinario/Cb-ord-E1-pp-4c.wav
Cb,ord,E2,ff,Strings/Cb/ordinario/Cb-ord-E2-ff-2c.wav
Cb,ord,E2,mf,Strings/Cb/ordinario/Cb-ord-E2-mf-2c.wav
Cb,ord,E2,pp,Strings/Cb/ordinario/Cb-ord-E2-pp-2c.wav
Cb,ord,A2,pp,Strings/Cb/ordinario/Cb-ord-A2-pp-1c.wav
Cb,ord,A3,ff,Strings/Cb/ordinario/Cb-ord-A3-ff-1c.wav
Cb,ord,A3,mf,Strings/Cb/ordinario/Cb-ord-A3-mf-1c.wav
Cb,ord,A3,pp,Strings/Cb/ordinario/Cb-ord-A3-pp-1c.wav
Cb,ord,A4,ff,Strings/Cb/ordinario/Cb-ord-A4-ff-1c.wav
Cb,ord,A4,mf,Strings/Cb/ordinario/Cb-ord-A4-mf-1c.wav
Cb,ord,A4,pp,Strings/Cb/ordinario/Cb-ord-A4-pp-1c.wav
Cb,ord,B1,ff,Strings/Cb/ordinario/Cb-ord-B1-ff-3c.wav
Cb,ord,B1,mf,Strings/Cb/ordinario/Cb-ord-B1-mf-4c.wav
Cb,ord,B1,pp,Strings/Cb/ordinario/Cb-ord-B1-pp-3c.wav
Cb,ord,B2,ff,Strings/Cb/ordinario/Cb-ord-B2-ff-1c.wav
Cb,ord,B2,mf,Strings/Cb/ordinario/Cb-ord-B2-mf-1c.wav
Cb,ord,B2,pp,Strings/Cb/ordinario/Cb-ord-B2-pp-1c.wav
Cb,ord,B3,ff,Strings/Cb/ordinario/Cb-ord-B3-ff-1c.wav
Cb,ord,B3,mf,Strings/Cb/ordinario/Cb-ord-B3-mf-1c.wav
Cb,ord,B3,pp,Strings/Cb/ordinario/Cb-ord-B3-pp-1c.wav
Cb,ord,F2,ff,Strings/Cb/ordinario/Cb-ord-F2-ff-2c.wav
Cb,ord,F2,mf,Strings/Cb/ordinario/Cb-ord-F2-mf-2c.wav
Cb,ord,F2,pp,Strings/Cb/ordinario/Cb-ord-F2-pp-2c.wav
Cb,ord,F3,ff,Strings/Cb/ordinario/Cb-ord-F3-ff-1c.wav
Cb,ord,F3,mf,Strings/Cb/ordinario/Cb-ord-F3-mf-1c.wav
Cb,ord,F3,pp,Strings/Cb/ordinario/Cb-ord-F3-pp-1c.wav
Cb,ord,F4,ff,Strings/Cb/ordinario/Cb-ord-F4-ff-1c.wav
Cb,ord,F4,mf,Strings/Cb/ordinario/Cb-ord-F4-mf-1c.wav
Cb,ord,F4,pp,Strings/Cb/ordinario/Cb-ord-F4-pp-1c.wav
Cb,ord,G#1,ff,Strings/Cb/ordinario/Cb-ord-G#1-ff-4c.wav
Cb,ord,G#1,mf,Strings/Cb/ordinario/Cb-ord-G#1-mf-4c.wav
Cb,ord,G#1,pp,Strings/Cb/ordinario/Cb-ord-G#1-pp-4c.wav
Cb,ord,G#2,ff,Strings/Cb/ordinario/Cb-ord-G#2-ff-1c.wav
Cb,ord,G#2,mf,Strings/Cb/ordinario/Cb-ord-G#2-mf-1c.wav
Cb,ord,G#2,pp,Strings/Cb/ordinario/Cb-ord-G#2-pp-1c.wav
Va,ord,A#3,ff,Strings/Va/ordinario/Va-ord-A#3-ff-3c.wav
Va,ord,A#3,mf,Strings/Va/ordinario/Va-ord-A#3-mf-3c.wav
Va,ord,A#3,pp,Strings/Va/ordinario/Va-ord-A#3-pp-3c.wav
Va,ord,A#4,ff,Strings/Va/ordinario/Va-ord-A#4-ff-1c.wav
Va,ord,A#4,mf,Strings/Va/ordinario/Va-ord-A#4-mf-1c.wav
Va,ord,A#4,pp,Strings/Va/ordinario/Va-ord-A#4-pp-1c.wav
Va,ord,A#5,ff,Strings/Va/ordinario/Va-ord-A#5-ff-1c.wav
Va,ord,A#5,mf,Strings/Va/ordinario/Va-ord-A#5-mf-1c.wav
Va,ord,A#5,pp,Strings/Va/ordinario/Va-ord-A#5-pp-1c.wav
Va,ord,A#6,ff,Strings/Va/ordinario/Va-ord-A#6-ff-1c.wav
Va,ord,A3,ff,Strings/Va/ordinario/Va-ord-A3-ff-3c.wav
Va,ord,A3,mf,Strings/Va/ordinario/Va-ord-A3-mf-4c.wav
Va,ord,A3,pp,Strings/Va/ordinario/Va-ord-A3-pp-3c.wav
Va,ord,A4,ff,Strings/Va/ordinario/Va-ord-A4-ff-1c.wav
Va,ord,A4,ff,Strings/Va/ordinario/Va-ord-A4-ff-2c.wav
Va,ord,A4,mf,Strings/Va/ordinario/Va-ord-A4-mf-1c.wav
Va,ord,A4,mf,Strings/Va/ordinario/Va-ord-A4-mf-2c.wav
Va,ord,A4,pp,Strings/Va/ordinario/Va-ord-A4-pp-1c.wav
Va,ord,A4,pp,Strings/Va/ordinario/Va-ord-A4-pp-2c.wav
Va,ord,A5,ff,Strings/Va/ordinario/Va-ord-A5-ff-1c.wav
Va,ord,A5,mf,Strings/Va/ordinario/Va-ord-A5-mf-1c.wav
Va,ord,A5,pp,Strings/Va/ordinario/Va-ord-A5-pp-1c.wav
Va,ord,A6,ff,Strings/Va/ordinario/Va-ord-A6-ff-1c.wav
Va,ord,B3,ff,Strings/Va/ordinario/Va-ord-B3-ff-3c.wav
Va,ord,B3,mf,Strings/Va/ordinario/Va-ord-B3-mf-3c.wav
Va,ord,D4,ff,Strings/Va/ordinario/Va-ord-D4-ff-2c.wav
Va,ord,D4,ff,Strings/Va/ordinario/Va-ord-D4-ff-3c.wav
Va,ord,D4,mf,Strings/Va/ordinario/Va-ord-D4-mf-2c.wav
Va,ord,D4,mf,Strings/Va/ordinario/Va-ord-D4-mf-3c.wav
Va,ord,D4,pp,Strings/Va/ordinario/Va-ord-D4-pp-2c.wav
Va,ord,D4,pp,Strings/Va/ordinario/Va-ord-D4-pp-3c.wav
Va,ord,D5,ff,Strings/Va/ordinario/Va-ord-D5-ff-1c.wav
Va,ord,D5,mf,Strings/Va/ordinario/Va-ord-D5-mf-1c.wav
Va,ord,D5,pp,Strings/Va/ordinario/Va-ord-D5-pp-1c.wav
Va,ord,D6,ff,Strings/Va/ordinario/Va-ord-D6-ff-1c.wav
Va,ord,D6,mf,Strings/Va/ordinario/Va-ord-D6-mf-1c.wav
Va,ord,D6,pp,Strings/Va/ordinario/Va-ord-D6-pp-1c.wav
Va,ord,E3,ff,Strings/Va/ordinario/Va-ord-E3-ff-4c.wav
Va,ord,E3,mf,Strings/Va/ordinario/Va-ord-E3-mf-4c.wav
Va,ord,E3,pp,Strings/Va/ordinario/Va-ord-E3-pp-4c.wav
Va,ord,E4,ff,Strings/Va/ordinario/Va-ord-E4-ff-2c.wav
Va,ord,E4,mf,Strings/Va/ordinario/Va-ord-E4-mf-2c.wav
Va,ord,E4,pp,Strings/Va/ordinario/Va-ord-E4-pp-2c.wav
Va,ord,E5,ff,Strings/Va/ordinario/Va-ord-E5-ff-1c.wav
Va,ord,C4,mf,Strings/Va/ordinario/Va-ord-C4-mf-3c.wav
Va,ord,C4,pp,Strings/Va/ordinario/Va-ord-C4-pp-3c.wav
Va,ord,C5,ff,Strings/Va/ordinario/Va-ord-C5-ff-1c.wav
Va,ord,C5,mf,Strings/Va/ordinario/Va-ord-C5-mf-1c.wav
Va,ord,C5,pp,Strings/Va/ordinario/Va-ord-C5-pp-1c.wav
Va,ord,C6,ff,Strings/Va/ordinario/Va-ord-C6-ff-1c.wav
Va,ord,C6,mf,Strings/Va/ordinario/Va-ord-C6-mf-1c.wav
Va,ord,C6,pp,Strings/Va/ordinario/Va-ord-C6-pp-1c.wav
Va,ord,C7,ff,Strings/Va/ordinario/Va-ord-C7-ff-1c.wav
Va,ord,C7,mf,Strings/Va/ordinario/Va-ord-C7-mf-1c.wav
Va,ord,C7,pp,Strings/Va/ordinario/Va-ord-C7-pp-1c.wav
Va,ord,D#3,ff,Strings/Va/ordinario/Va-ord-D#3-ff-4c.wav
Va,ord,D#3,mf,Strings/Va/ordinario/Va-ord-D#3-mf-4c.wav
Va,ord,D#3,pp,Strings/Va/ordinario/Va-ord-D#3-pp-4c.wav
Va,ord,D#4,ff,Strings/Va/ordinario/Va-ord-D#4-ff-2c.wav
Va,ord,D#4,mf,Strings/Va/ordinario/Va-ord-D#4-mf-2c.wav
Va,ord,D#4,pp,Strings/Va/ordinario/Va-ord-D#4-pp-2c.wav
Va,ord,D#5,ff,Strings/Va/ordinario/Va-ord-D#5-ff-1c.wav
Va,ord,D#5,mf,Strings/Va/ordinario/Va-ord-D#5-mf-1c.wav
Va,ord,D#5,pp,Strings/Va/ordinario/Va-ord-D#5-pp-1c.wav
Va,ord,D#6,ff,Strings/Va/ordinario/Va-ord-D#6-ff-1c.wav
Va,ord,D#6,mf,Strings/Va/ordinario/Va-ord-D#6-mf-1c.wav
Va,ord,D#6,pp,Strings/Va/ordinario/Va-ord-D#6-pp-1c.wav
Va,ord,D3,ff,Strings/Va/ordinario/Va-ord-D3-ff-4c.wav
Va,ord,D3,mf,Strings/Va/ordinario/Va-ord-D3-mf-4c.wav
Va,ord,F5,ff,Strings/Va/ordinario/Va-ord-F5-ff-1c.wav
Va,ord,F5,mf,Strings/Va/ordinario/Va-ord-F5-mf-1c.wav
Va,ord,F5,pp,Strings/Va/ordinario/Va-ord-F5-pp-1c.wav
Va,ord,F6,ff,Strings/Va/ordinario/Va-ord-F6-ff-1c.wav
Va,ord,F6,mf,Strings/Va/ordinario/Va-ord-F6-mf-1c.wav
Va,ord,F6,pp,Strings/Va/ordinario/Va-ord-F6-pp-1c.wav
Va,ord,G#3,ff,Strings/Va/ordinario/Va-ord-G#3-ff-3c.wav
Va,ord,G#3,mf,Strings/Va/ordinario/Va-ord-G#3-mf-3c.wav
Va,ord,G#3,pp,Strings/Va/ordinario/Va-ord-G#3-pp-3c.wav
Va,ord,G#4,ff,Strings/Va/ordinario/Va-ord-G#4-ff-2c.wav
Va,ord,G#4,mf,Strings/Va/ordinario/Va-ord-G#4-mf-2c.wav
Va,ord,G#4,pp,Strings/Va/ordinario/Va-ord-G#4-pp-2c.wav
Va,ord,G#5,ff,Strings/Va/ordinario/Va-ord-G#5-ff-1c.wav
Va,ord,G#5,mf,Strings/Va/ordinario/Va-ord-G#5-mf-1c.wav
Va,ord,G#5,pp,Strings/Va/ordinario/Va-ord-G#5-pp-1c.wav
Va,ord,G#6,ff,Strings/Va/ordinario/Va-ord-G#6-ff-1c.wav
Va,ord,B3,pp,Strings/Va/ordinario/Va-ord-B3-pp-3c.wav
Va,ord,C4,ff,Strings/Va/ordinario/Va-ord-C4-ff-3c.wav
Va,ord,D3,pp,Strings/Va/ordinario/Va-ord-D3-pp-4c.wav
Va,ord,E5,mf,Strings/Va/ordinario/Va-ord-E5-mf-1c.wav
Va,ord,F4,pp,Strings/Va/ordinario/Va-ord-F4-pp-2c.wav
Va,ord,G#6,mf,Strings/Va/ordinario/Va-ord-G#6-mf-1c.wav
Va,ord,B4,ff,Strings/Va/ordinario/Va-ord-B4-ff-1c.wav
Va,ord,B4,mf,Strings/Va/ordinario/Va-ord-B4-mf-1c.wav
Va,ord,B4,pp,Strings/Va/ordinario/Va-ord-B4-pp-1c.wav
Va,ord,B5,ff,Strings/Va/ordinario/Va-ord-B5-ff-1c.wav
Va,ord,B5,mf,Strings/Va/ordinario/Va-ord-B5-mf-1c.wav
Va,ord,B5,pp,Strings/Va/ordinario/Va-ord-B5-pp-1c.wav
Va,ord,B6,ff,Strings/Va/ordinario/Va-ord-B6-ff-1c.wav
Va,ord,B6,mf,Strings/Va/ordinario/Va-ord-B6-mf-1c.wav
Va,ord,B6,pp,Strings/Va/ordinario/Va-ord-B6-pp-1c.wav
Va,ord,C#3,ff,Strings/Va/ordinario/Va-ord-C#3-ff-4c.wav
Va,ord,C#3,mf,Strings/Va/ordinario/Va-ord-C#3-mf-4c.wav
Va,ord,C#3,pp,Strings/Va/ordinario/Va-ord-C#3-pp-4c.wav
Va,ord,C#4,ff,Strings/Va/ordinario/Va-ord-C#4-ff-3c.wav
Va,ord,C#4,mf,Strings/Va/ordinario/Va-ord-C#4-mf-3c.wav
Va,ord,C#4,pp,Strings/Va/ordinario/Va-ord-C#4-pp-3c.wav
Va,ord,C#5,ff,Strings/Va/ordinario/Va-ord-C#5-ff-2c.wav
Va,ord,C#5,mf,Strings/Va/ordinario/Va-ord-C#5-mf-1c.wav
Va,ord,C#5,pp,Strings/Va/ordinario/Va-ord-C#5-pp-1c.wav
Va,ord,C#6,ff,Strings/Va/ordinario/Va-ord-C#6-ff-1c.wav
Va,ord,C#6,mf,Strings/Va/ordinario/Va-ord-C#6-mf-1c.wav
Va,ord,C#6,pp,Strings/Va/ordinario/Va-ord-C#6-pp-1c.wav
Va,ord,C3,ff,Strings/Va/ordinario/Va-ord-C3-ff-4c.wav
Va,ord,C3,mf,Strings/Va/ordinario/Va-ord-C3-mf-4c.wav
Va,ord,C3,pp,Strings/Va/ordinario/Va-ord-C3-pp-4c.wav
Va,ord,E5,pp,Strings/Va/ordinario/Va-ord-E5-pp-1c.wav
Va,ord,E6,ff,Strings/Va/ordinario/Va-ord-E6-ff-1c.wav
Va,ord,E6,mf,Strings/Va/ordinario/Va-ord-E6-mf-1c.wav
Va,ord,E6,pp,Strings/Va/ordinario/Va-ord-E6-pp-1c.wav
Va,ord,F#3,ff,Strings/Va/ordinario/Va-ord-F#3-ff-4c.wav
Va,ord,F#3,mf,Strings/Va/ordinario/Va-ord-F#3-mf-4c.wav
Va,ord,F#3,pp,Strings/Va/ordinario/Va-ord-F#3-pp-4c.wav
Va,ord,F#4,ff,Strings/Va/ordinario/Va-ord-F#4-ff-2c.wav
Va,ord,F#4,mf,Strings/Va/ordinario/Va-ord-F#4-mf-2c.wav
Va,ord,F#4,pp,Strings/Va/ordinario/Va-ord-F#4-pp-2c.wav
Va,ord,F#5,ff,Strings/Va/ordinario/Va-ord-F#5-ff-1c.wav
Va,ord,F#5,mf,Strings/Va/ordinario/Va-ord-F#5-mf-1c.wav
Va,ord,F#5,pp,Strings/Va/ordinario/Va-ord-F#5-pp-1c.wav
Va,ord,F#6,ff,Strings/Va/ordinario/Va-ord-F#6-ff-1c.wav
Va,ord,F#6,mf,Strings/Va/ordinario/Va-ord-F#6-mf-1c.wav
Va,ord,F#6,pp,Strings/Va/ordinario/Va-ord-F#6-pp-1c.wav
Va,ord,F3,ff,Strings/Va/ordinario/Va-ord-F3-ff.wav
Va,ord,F3,mf,Strings/Va/ordinario/Va-ord-F3-mf-4c.wav
Va,ord,F3,pp,Strings/Va/ordinario/Va-ord-F3-pp-4c.wav
Va,ord,F4,ff,Strings/Va/ordinario/Va-ord-F4-ff-2c.wav
Va,ord,F4,mf,Strings/Va/ordinario/Va-ord-F4-mf-2c.wav
Va,ord,G#6,pp,Strings/Va/ordinario/Va-ord-G#6-pp-1c.wav
Va,ord,G3,ff,Strings/Va/ordinario/Va-ord-G3-ff-3c.wav
Va,ord,G3,ff,Strings/Va/ordinario/Va-ord-G3-ff-4c.wav
Va,ord,G3,mf,Strings/Va/ordinario/Va-ord-G3-mf-3c.wav
Va,ord,G3,mf,Strings/Va/ordinario/Va-ord-G3-mf-4c.wav
Va,ord,G3,pp,Strings/Va/ordinario/Va-ord-G3-pp-3c.wav
Va,ord,G3,pp,Strings/Va/ordinario/Va-ord-G3-pp-4c.wav
Va,ord,G4,ff,Strings/Va/ordinario/Va-ord-G4-ff-2c.wav
Va,ord,G4,mf,Strings/Va/ordinario/Va-ord-G4-mf-2c.wav
Va,ord,G4,pp,Strings/Va/ordinario/Va-ord-G4-pp-2c.wav
Va,ord,G5,ff,Strings/Va/ordinario/Va-ord-G5-ff-1c.wav
Va,ord,G5,mf,Strings/Va/ordinario/Va-ord-G5-mf-1c.wav
Va,ord,G5,pp,Strings/Va/ordinario/Va-ord-G5-pp-1c.wav
Va,ord,G6,ff,Strings/Va/ordinario/Va-ord-G6-ff-1c.wav
Va,ord,G6,mf,Strings/Va/ordinario/Va-ord-G6-mf-1c.wav
Va,ord,G6,pp,Strings/Va/ordinario/Va-ord-G6-pp-1c.wav
Vc,ord,A#2,ff,Strings/Vc/ordinario/Vc-ord-A#2-ff-3c.wav
Vc,ord,A#2,mf,Strings/Vc/ordinario/Vc-ord-A#2-mf-3c.wav
Vc,ord,A#2,pp,Strings/Vc/ordinario/Vc-ord-A#2-pp-3c.wav
Vc,ord,A#3,ff,Strings/Vc/ordinario/Vc-ord-A#3-ff-1c.wav
Vc,ord,A#3,mf,Strings/Vc/ordinario/Vc-ord-A#3-mf-1c.wav
Vc,ord,A#3,pp,Strings/Vc/ordinario/Vc-ord-A#3-pp-1c.wav
Vc,ord,A#4,ff,Strings/Vc/ordinario/Vc-ord-A#4-ff-1c.wav
Vc,ord,A#4,mf,Strings/Vc/ordinario/Vc-ord-A#4-mf-1c.wav
Vc,ord,A#4,pp,Strings/Vc/ordinario/Vc-ord-A#4-pp-1c.wav
Vc,ord,A#5,ff,Strings/Vc/ordinario/Vc-ord-A#5-ff-1c.wav
Vc,ord,A#5,mf,Strings/Vc/ordinario/Vc-ord-A#5-mf-1c.wav
Vc,ord,A#5,pp,Strings/Vc/ordinario/Vc-ord-A#5-pp-1c.wav
Vc,ord,A2,ff,Strings/Vc/ordinario/Vc-ord-A2-ff-3c.wav
Vc,ord,A2,mf,Strings/Vc/ordinario/Vc-ord-A2-mf-3c.wav
Vc,ord,A2,pp,Strings/Vc/ordinario/Vc-ord-A2-pp-3c.wav
Vc,ord,A3,ff,Strings/Vc/ordinario/Vc-ord-A3-ff-1c.wav
Vc,ord,A3,ff,Strings/Vc/ordinario/Vc-ord-A3-ff-2c.wav
Vc,ord,A3,mf,Strings/Vc/ordinario/Vc-ord-A3-mf-1c.wav
Vc,ord,A3,mf,Strings/Vc/ordinario/Vc-ord-A3-mf-2c.wav
Vc,ord,A3,pp,Strings/Vc/ordinario/Vc-ord-A3-pp-1c.wav
Vc,ord,A3,pp,Strings/Vc/ordinario/Vc-ord-A3-pp-2c.wav
Vc,ord,A4,ff,Strings/Vc/ordinario/Vc-ord-A4-ff-1c.wav
Vc,ord,A4,mf,Strings/Vc/ordinario/Vc-ord-A4-mf-1c.wav
Vc,ord,A4,pp,Strings/Vc/ordinario/Vc-ord-A4-pp-1c.wav
Vc,ord,D5,pp,Strings/Vc/ordinario/Vc-ord-D5-pp-1c.wav
Vc,ord,E2,ff,Strings/Vc/ordinario/Vc-ord-E2-ff-4c.wav
Vc,ord,E2,mf,Strings/Vc/ordinario/Vc-ord-E2-mf-4c.wav
Vc,ord,E2,pp,Strings/Vc/ordinario/Vc-ord-E2-pp-4c.wav
Vc,ord,E3,ff,Strings/Vc/ordinario/Vc-ord-E3-ff-2c.wav
Vc,ord,E3,mf,Strings/Vc/ordinario/Vc-ord-E3-mf-2c.wav
Vc,ord,E3,pp,Strings/Vc/ordinario/Vc-ord-E3-pp-2c.wav
Vc,ord,E4,ff,Strings/Vc/ordinario/Vc-ord-E4-ff-1c.wav
Vc,ord,E4,mf,Strings/Vc/ordinario/Vc-ord-E4-mf-1c.wav
Vc,ord,E4,pp,Strings/Vc/ordinario/Vc-ord-E4-pp-1c.wav
Vc,ord,E5,ff,Strings/Vc/ordinario/Vc-ord-E5-ff-1c.wav
Vc,ord,E5,mf,Strings/Vc/ordinario/Vc-ord-E5-mf-1c.wav
Vc,ord,E5,pp,Strings/Vc/ordinario/Vc-ord-E5-pp-1c.wav
Vc,ord,F#2,ff,Strings/Vc/ordinario/Vc-ord-F#2-ff-4c.wav
Vc,ord,F#2,mf,Strings/Vc/ordinario/Vc-ord-F#2-mf-4c.wav
Vc,ord,F#2,pp,Strings/Vc/ordinario/Vc-ord-F#2-pp-4c.wav
Vc,ord,F#3,ff,Strings/Vc/ordinario/Vc-ord-F#3-ff-2c.wav
Vc,ord,F#3,mf,Strings/Vc/ordinario/Vc-ord-F#3-mf-2c.wav
Vc,ord,F#3,pp,Strings/Vc/ordinario/Vc-ord-F#3-pp-2c.wav
Vc,ord,C#5,mf,Strings/Vc/ordinario/Vc-ord-C#5-mf-1c.wav
Vc,ord,C#5,pp,Strings/Vc/ordinario/Vc-ord-C#5-pp-1c.wav
Vc,ord,C2,ff,Strings/Vc/ordinario/Vc-ord-C2-ff-4c.wav
Vc,ord,C2,mf,Strings/Vc/ordinario/Vc-ord-C2-mf-4c.wav
Vc,ord,C2,pp,Strings/Vc/ordinario/Vc-ord-C2-pp-4c.wav
Vc,ord,C3,ff,Strings/Vc/ordinario/Vc-ord-C3-ff-3c.wav
Vc,ord,C3,mf,Strings/Vc/ordinario/Vc-ord-C3-mf-3c.wav
Vc,ord,C3,pp,Strings/Vc/ordinario/Vc-ord-C3-pp-3c.wav
Vc,ord,C4,ff,Strings/Vc/ordinario/Vc-ord-C4-ff-1c.wav
Vc,ord,C4,mf,Strings/Vc/ordinario/Vc-ord-C4-mf-1c.wav
Vc,ord,C4,pp,Strings/Vc/ordinario/Vc-ord-C4-pp-1c.wav
Vc,ord,C5,ff,Strings/Vc/ordinario/Vc-ord-C5-ff-1c.wav
Vc,ord,C5,mf,Strings/Vc/ordinario/Vc-ord-C5-mf-1c.wav
Vc,ord,C5,pp,Strings/Vc/ordinario/Vc-ord-C5-pp-1c.wav
Vc,ord,C6,ff,Strings/Vc/ordinario/Vc-ord-C6-ff-1c.wav
Vc,ord,C6,mf,Strings/Vc/ordinario/Vc-ord-C6-mf-1c.wav
Vc,ord,C6,pp,Strings/Vc/ordinario/Vc-ord-C6-pp-1c.wav
Vc,ord,D#2,ff,Strings/Vc/ordinario/Vc-ord-D#2-ff-4c.wav
Vc,ord,F5,pp,Strings/Vc/ordinario/Vc-ord-F5-pp-1c.wav
Vc,ord,G#2,ff,Strings/Vc/ordinario/Vc-ord-G#2-ff-3c.wav
Vc,ord,G#2,mf,Strings/Vc/ordinario/Vc-ord-G#2-mf-3c.wav
Vc,ord,G#2,pp,Strings/Vc/ordinario/Vc-ord-G#2-pp-3c.wav
Vc,ord,G#3,ff,Strings/Vc/ordinario/Vc-ord-G#3-ff-2c.wav
Vc,ord,G#3,mf,Strings/Vc/ordinario/Vc-ord-G#3-mf-2c.wav
Vc,ord,G#3,pp,Strings/Vc/ordinario/Vc-ord-G#3-pp-2c.wav
Vc,ord,G#4,ff,Strings/Vc/ordinario/Vc-ord-G#4-ff-1c.wav
Vc,ord,G#4,mf,Strings/Vc/ordinario/Vc-ord-G#4-mf-1c.wav
Vc,ord,G#4,pp,Strings/Vc/ordinario/Vc-ord-G#4-pp-1c.wav
Vc,ord,G#5,ff,Strings/Vc/ordinario/Vc-ord-G#5-ff-1c.wav
Vc,ord,G#5,mf,Strings/Vc/ordinario/Vc-ord-G#5-mf-1c.wav
Vc,ord,G#5,pp,Strings/Vc/ordinario/Vc-ord-G#5-pp-1c.wav
Vc,ord,G2,ff,Strings/Vc/ordinario/Vc-ord-G2-ff-3c.wav
Vc,ord,G2,ff,Strings/Vc/ordinario/Vc-ord-G2-ff-4c.wav
Vc,ord,G2,mf,Strings/Vc/ordinario/Vc-ord-G2-mf-3c.wav
Vc,ord,G2,mf,Strings/Vc/ordinario/Vc-ord-G2-mf-4c.wav
Vc,ord,G2,pp,Strings/Vc/ordinario/Vc-ord-G2-pp-3c.wav
Vc,ord,G2,pp,Strings/Vc/ordinario/Vc-ord-G2-pp-4c.wav
Vc,ord,G3,ff,Strings/Vc/ordinario/Vc-ord-G3-ff-2c.wav
Vc,ord,G3,mf,Strings/Vc/ordinario/Vc-ord-G3-mf-2c.wav
Vc,ord,G3,pp,Strings/Vc/ordinario/Vc-ord-G3-pp-2c.wav
Vc,ord,G4,ff,Strings/Vc/ordinario/Vc-ord-G4-ff-1c.wav
Vc,ord,G4,mf,Strings/Vc/ordinario/Vc-ord-G4-mf-1c.wav
Vc,ord,G4,pp,Strings/Vc/ordinario/Vc-ord-G4-pp-1c.wav
Vc,ord,G5,ff,Strings/Vc/ordinario/Vc-ord-G5-ff-1c.wav
Vc,ord,G5,mf,Strings/Vc/ordinario/Vc-ord-G5-mf-1c.wav
Vc,ord,G5,pp,Strings/Vc/ordinario/Vc-ord-G5-pp-1c.wav
Vc,ord,A5,ff,Strings/Vc/ordinario/Vc-ord-A5-ff-1c.wav
Vc,ord,C#5,ff,Strings/Vc/ordinario/Vc-ord-C#5-ff-1c.wav
Vc,ord,D#2,mf,Strings/Vc/ordinario/Vc-ord-D#2-mf-4c.wav
Vc,ord,D5,mf,Strings/Vc/ordinario/Vc-ord-D5-mf-1c.wav
Vc,ord,F#4,ff,Strings/Vc/ordinario/Vc-ord-F#4-ff-1c.wav
Vc,ord,F5,mf,Strings/Vc/ordinario/Vc-ord-F5-mf-1c.wav
Vc,ord,A5,mf,Strings/Vc/ordinario/Vc-ord-A5-mf-1c.wav
Vc,ord,A5,pp,Strings/Vc/ordinario/Vc-ord-A5-pp-1c.wav
Vc,ord,B2,ff,Strings/Vc/ordinario/Vc-ord-B2-ff-3c.wav
Vc,ord,B2,mf,Strings/Vc/ordinario/Vc-ord-B2-mf-3c.wav
Vc,ord,B2,pp,Strings/Vc/ordinario/Vc-ord-B2-pp-3c.wav
Vc,ord,B3,ff,Strings/Vc/ordinario/Vc-ord-B3-ff-1c.wav
Vc,ord,B3,mf,Strings/Vc/ordinario/Vc-ord-B3-mf-1c.wav
Vc,ord,B3,pp,Strings/Vc/ordinario/Vc-ord-B3-pp-1c.wav
Vc,ord,B4,ff,Strings/Vc/ordinario/Vc-ord-B4-ff-1c.wav
Vc,ord,B4,mf,Strings/Vc/ordinario/Vc-ord-B4-mf-1c.wav
Vc,ord,B4,pp,Strings/Vc/ordinario/Vc-ord-B4-pp-1c.wav
Vc,ord,B5,ff,Strings/Vc/ordinario/Vc-ord-B5-ff-1c.wav
Vc,ord,B5,mf,Strings/Vc/ordinario/Vc-ord-B5-mf-1c.wav
Vc,ord,B5,pp,Strings/Vc/ordinario/Vc-ord-B5-pp-1c.wav
Vc,ord,C#2,ff,Strings/Vc/ordinario/Vc-ord-C#2-ff-4c.wav
Vc,ord,C#2,mf,Strings/Vc/ordinario/Vc-ord-C#2-mf-4c.wav
Vc,ord,C#2,pp,Strings/Vc/ordinario/Vc-ord-C#2-pp-4c.wav
Vc,ord,C#3,ff,Strings/Vc/ordinario/Vc-ord-C#3-ff-3c.wav
Vc,ord,C#3,mf,Strings/Vc/ordinario/Vc-ord-C#3-mf-3c.wav
Vc,ord,C#3,pp,Strings/Vc/ordinario/Vc-ord-C#3-pp-3c.wav
Vc,ord,C#4,ff,Strings/Vc/ordinario/Vc-ord-C#4-ff-1c.wav
Vc,ord,C#4,mf,Strings/Vc/ordinario/Vc-ord-C#4-mf-1c.wav
Vc,ord,C#4,pp,Strings/Vc/ordinario/Vc-ord-C#4-pp-1c.wav
Vc,ord,D#2,pp,Strings/Vc/ordinario/Vc-ord-D#2-pp-4c.wav
Vc,ord,D#3,ff,Strings/Vc/ordinario/Vc-ord-D#3-ff-2c.wav
Vc,ord,D#3,mf,Strings/Vc/ordinario/Vc-ord-D#3-mf-2c.wav
Vc,ord,D#3,pp,Strings/Vc/ordinario/Vc-ord-D#3-pp-2c.wav
Vc,ord,D#4,ff,Strings/Vc/ordinario/Vc-ord-D#4-ff-1c.wav
Vc,ord,D#4,mf,Strings/Vc/ordinario/Vc-ord-D#4-mf-1c.wav
Vc,ord,D#4,pp,Strings/Vc/ordinario/Vc-ord-D#4-pp-1c.wav
Vc,ord,D#5,ff,Strings/Vc/ordinario/Vc-ord-D#5-ff-1c.wav
Vc,ord,D#5,mf,Strings/Vc/ordinario/Vc-ord-D#5-mf-1c.wav
Vc,ord,D#5,pp,Strings/Vc/ordinario/Vc-ord-D#5-pp-1c.wav
Vc,ord,D2,ff,Strings/Vc/ordinario/Vc-ord-D2-ff-4c.wav
Vc,ord,D2,mf,Strings/Vc/ordinario/Vc-ord-D2-mf-4c.wav
Vc,ord,D2,pp,Strings/Vc/ordinario/Vc-ord-D2-pp-4c.wav
Vc,ord,D3,ff,Strings/Vc/ordinario/Vc-ord-D3-ff-2c.wav
Vc,ord,D3,ff,Strings/Vc/ordinario/Vc-ord-D3-ff-3c.wav
Vc,ord,D3,mf,Strings/Vc/ordinario/Vc-ord-D3-mf-2c.wav
Vc,ord,D3,mf,Strings/Vc/ordinario/Vc-ord-D3-mf-3c.wav
Vc,ord,D3,pp,Strings/Vc/ordinario/Vc-ord-D3-pp-2c.wav
Vc,ord,D3,pp,Strings/Vc/ordinario/Vc-ord-D3-pp-3c.wav
Vc,ord,D4,ff,Strings/Vc/ordinario/Vc-ord-D4-ff-1c.wav
Vc,ord,D4,mf,Strings/Vc/ordinario/Vc-ord-D4-mf-1c.wav
Vc,ord,D4,pp,Strings/Vc/ordinario/Vc-ord-D4-pp-1c.wav
Vc,ord,D5,ff,Strings/Vc/ordinario/Vc-ord-D5-ff-1c.wav
Vc,ord,F#4,mf,Strings/Vc/ordinario/Vc-ord-F#4-mf-1c.wav
Vc,ord,F#4,pp,Strings/Vc/ordinario/Vc-ord-F#4-pp-1c.wav
Vc,ord,F#5,ff,Strings/Vc/ordinario/Vc-ord-F#5-ff-1c.wav
Vc,ord,F#5,mf,Strings/Vc/ordinario/Vc-ord-F#5-mf-1c.wav
Vc,ord,F#5,pp,Strings/Vc/ordinario/Vc-ord-F#5-pp-1c.wav
Vc,ord,F2,ff,Strings/Vc/ordinario/Vc-ord-F2-ff-4c.wav
Vc,ord,F2,mf,Strings/Vc/ordinario/Vc-ord-F2-mf-4c.wav
Vc,ord,F2,pp,Strings/Vc/ordinario/Vc-ord-F2-pp-4c.wav
Vc,ord,F3,ff,Strings/Vc/ordinario/Vc-ord-F3-ff-2c.wav
Vc,ord,F3,mf,Strings/Vc/ordinario/Vc-ord-F3-mf-2c.wav
Vc,ord,F3,pp,Strings/Vc/ordinario/Vc-ord-F3-pp-2c.wav
Vc,ord,F4,ff,Strings/Vc/ordinario/Vc-ord-F4-ff-1c.wav
Vc,ord,F4,mf,Strings/Vc/ordinario/Vc-ord-F4-mf-1c.wav
Vc,ord,F4,pp,Strings/Vc/ordinario/Vc-ord-F4-pp-1c.wav
Vc,ord,F5,ff,Strings/Vc/ordinario/Vc-ord-F5-ff-1c.wav
Vn,ord,A#3,ff,Strings/Vn/ordinario/Vn-ord-A#3-ff-4c.wav
Vn,ord,A#3,mf,Strings/Vn/ordinario/Vn-ord-A#3-mf-4c.wav
Vn,ord,A#3,pp,Strings/Vn/ordinario/Vn-ord-A#3-pp-4c.wav
Vn,ord,A#4,ff,Strings/Vn/ordinario/Vn-ord-A#4-ff-2c.wav
Vn,ord,A#4,mf,Strings/Vn/ordinario/Vn-ord-A#4-mf-2c.wav
Vn,ord,A#4,pp,Strings/Vn/ordinario/Vn-ord-A#4-pp-2c.wav
Vn,ord,A#5,ff,Strings/Vn/ordinario/Vn-ord-A#5-ff-1c.wav
Vn,ord,A#5,mf,Strings/Vn/ordinario/Vn-ord-A#5-mf-1c.wav
Vn,ord,A#5,pp,Strings/Vn/ordinario/Vn-ord-A#5-pp-1c.wav
Vn,ord,A#6,ff,Strings/Vn/ordinario/Vn-ord-A#6-ff-1c.wav
Vn,ord,A#6,mf,Strings/Vn/ordinario/Vn-ord-A#6-mf-1c.wav
Vn,ord,A#6,pp,Strings/Vn/ordinario/Vn-ord-A#6-pp-1c.wav
Vn,ord,A3,ff,Strings/Vn/ordinario/Vn-ord-A3-ff-4c.wav
Vn,ord,A3,mf,Strings/Vn/ordinario/Vn-ord-A3-mf-4c.wav
Vn,ord,A3,pp,Strings/Vn/ordinario/Vn-ord-A3-pp-4c.wav
Vn,ord,A4,ff,Strings/Vn/ordinario/Vn-ord-A4-ff-2c.wav
Vn,ord,A4,ff,Strings/Vn/ordinario/Vn-ord-A4-ff-3c.wav
Vn,ord,A4,mf,Strings/Vn/ordinario/Vn-ord-A4-mf-2c.wav
Vn,ord,C7,mf,Strings/Vn/ordinario/Vn-ord-C7-mf-1c.wav
Vn,ord,C7,pp,Strings/Vn/ordinario/Vn-ord-C7-pp-1c.wav
Vn,ord,D#4,ff,Strings/Vn/ordinario/Vn-ord-D#4-ff-3c.wav
Vn,ord,D#4,mf,Strings/Vn/ordinario/Vn-ord-D#4-mf-3c.wav
Vn,ord,D#4,pp,Strings/Vn/ordinario/Vn-ord-D#4-pp-3c.wav
Vn,ord,D#5,ff,Strings/Vn/ordinario/Vn-ord-D#5-ff-2c.wav
Vn,ord,D#5,mf,Strings/Vn/ordinario/Vn-ord-D#5-mf-2c.wav
Vn,ord,D#5,pp,Strings/Vn/ordinario/Vn-ord-D#5-pp-2c.wav
Vn,ord,D#6,ff,Strings/Vn/ordinario/Vn-ord-D#6-ff-1c.wav
Vn,ord,D#6,mf,Strings/Vn/ordinario/Vn-ord-D#6-mf-1c.wav
Vn,ord,D#6,pp,Strings/Vn/ordinario/Vn-ord-D#6-pp-1c.wav
Vn,ord,D#7,ff,Strings/Vn/ordinario/Vn-ord-D#7-ff.wav
Vn,ord,D#7,mf,Strings/Vn/ordinario/Vn-ord-D#7-mf.wav
Vn,ord,D#7,pp,Strings/Vn/ordinario/Vn-ord-D#7-pp-1c.wav
Vn,ord,D4,ff,Strings/Vn/ordinario/Vn-ord-D4-ff-3c.wav
Vn,ord,D4,ff,Strings/Vn/ordinario/Vn-ord-D4-ff-4c.wav
Vn,ord,D4,mf,Strings/Vn/ordinario/Vn-ord-D4-mf-3c.wav
Vn,ord,D4,mf,Strings/Vn/ordinario/Vn-ord-D4-mf-4c.wav
Vn,ord,D4,pp,Strings/Vn/ordinario/Vn-ord-D4-pp-3c.wav
Vn,ord,D4,pp,Strings/Vn/ordinario/Vn-ord-D4-pp-4c.wav
Vn,ord,E5,pp,Strings/Vn/ordinario/Vn-ord-E5-pp-2c.wav
Vn,ord,E6,ff,Strings/Vn/ordinario/Vn-ord-E6-ff-1c.wav
Vn,ord,E6,mf,Strings/Vn/ordinario/Vn-ord-E6-mf-1c.wav
Vn,ord,E6,pp,Strings/Vn/ordinario/Vn-ord-E6-pp-1c.wav
Vn,ord,E7,ff,Strings/Vn/ordinario/Vn-ord-E7-ff-1c.wav
Vn,ord,E7,mf,Strings/Vn/ordinario/Vn-ord-E7-mf-1c.wav
Vn,ord,E7,pp,Strings/Vn/ordinario/Vn-ord-E7-pp-1c.wav
Vn,ord,F#4,ff,Strings/Vn/ordinario/Vn-ord-F#4-ff-3c.wav
Vn,ord,F#4,mf,Strings/Vn/ordinario/Vn-ord-F#4-mf-3c.wav
Vn,ord,F#4,pp,Strings/Vn/ordinario/Vn-ord-F#4-pp-3c.wav
Vn,ord,F#5,ff,Strings/Vn/ordinario/Vn-ord-F#5-ff-1c.wav
Vn,ord,F#5,mf,Strings/Vn/ordinario/Vn-ord-F#5-mf-1c.wav
Vn,ord,F#5,pp,Strings/Vn/ordinario/Vn-ord-F#5-pp-1c.wav
Vn,ord,F#6,ff,Strings/Vn/ordinario/Vn-ord-F#6-ff-1c.wav
Vn,ord,F#6,mf,Strings/Vn/ordinario/Vn-ord-F#6-mf-1c.wav
Vn,ord,F#6,pp,Strings/Vn/ordinario/Vn-ord-F#6-pp-1c.wav
Vn,ord,F4,ff,Strings/Vn/ordinario/Vn-ord-F4-ff-3c.wav
Vn,ord,F4,mf,Strings/Vn/ordinario/Vn-ord-F4-mf-3c.wav
Vn,ord,F4,pp,Strings/Vn/ordinario/Vn-ord-F4-pp-3c.wav
Vn,ord,F5,ff,Strings/Vn/ordinario/Vn-ord-F5-ff-1c.wav
Vn,ord,F5,mf,Strings/Vn/ordinario/Vn-ord-F5-mf-1c.wav
Vn,ord,F5,pp,Strings/Vn/ordinario/Vn-ord-F5-pp-1c.wav
Vn,ord,F6,ff,Strings/Vn/ordinario/Vn-ord-F6-ff-1c.wav
Vn,ord,F6,mf,Strings/Vn/ordinario/Vn-ord-F6-mf-1c.wav
Vn,ord,B6,ff,Strings/Vn/ordinario/Vn-ord-B6-ff-1c.wav
Vn,ord,B6,mf,Strings/Vn/ordinario/Vn-ord-B6-mf-1c.wav
Vn,ord,B6,pp,Strings/Vn/ordinario/Vn-ord-B6-pp-1c.wav
Vn,ord,C#4,ff,Strings/Vn/ordinario/Vn-ord-C#4-ff-4c.wav
Vn,ord,C#4,mf,Strings/Vn/ordinario/Vn-ord-C#4-mf-4c.wav
Vn,ord,C#4,pp,Strings/Vn/ordinario/Vn-ord-C#4-pp-4c.wav
Vn,ord,C#5,ff,Strings/Vn/ordinario/Vn-ord-C#5-ff-2c.wav
Vn,ord,C#5,mf,Strings/Vn/ordinario/Vn-ord-C#5-mf-2c.wav
Vn,ord,C#5,pp,Strings/Vn/ordinario/Vn-ord-C#5-pp-2c.wav
Vn,ord,C#6,ff,Strings/Vn/ordinario/Vn-ord-C#6-ff-1c.wav
Vn,ord,C#6,mf,Strings/Vn/ordinario/Vn-ord-C#6-mf-1c.wav
Vn,ord,C#6,pp,Strings/Vn/ordinario/Vn-ord-C#6-pp-1c.wav
Vn,ord,C#7,ff,Strings/Vn/ordinario/Vn-ord-C#7-ff-1c.wav
Vn,ord,C#7,mf,Strings/Vn/ordinario/Vn-ord-C#7-mf-1c.wav
Vn,ord,C#7,pp,Strings/Vn/ordinario/Vn-ord-C#7-pp-1c.wav
Vn,ord,C4,ff,Strings/Vn/ordinario/Vn-ord-C4-ff-4c.wav
Vn,ord,C4,mf,Strings/Vn/ordinario/Vn-ord-C4-mf-4c.wav
Vn,ord,C4,pp,Strings/Vn/ordinario/Vn-ord-C4-pp-4c.wav
Vn,ord,C5,ff,Strings/Vn/ordinario/Vn-ord-C5-ff-2c.wav
Vn,ord,C5,mf,Strings/Vn/ordinario/Vn-ord-C5-mf-2c.wav
Vn,ord,C5,pp,Strings/Vn/ordinario/Vn-ord-C5-pp-2c.wav
Vn,ord,C6,ff,Strings/Vn/ordinario/Vn-ord-C6-ff-1c.wav
Vn,ord,C6,mf,Strings/Vn/ordinario/Vn-ord-C6-mf-1c.wav
Vn,ord,C6,pp,Strings/Vn/ordinario/Vn-ord-C6-pp-1c.wav
Vn,ord,A4,mf,Strings/Vn/ordinario/Vn-ord-A4-mf-3c.wav
Vn,ord,B5,pp,Strings/Vn/ordinario/Vn-ord-B5-pp-1c.wav
Vn,ord,C7,ff,Strings/Vn/ordinario/Vn-ord-C7-ff-1c.wav
Vn,ord,D5,ff,Strings/Vn/ordinario/Vn-ord-D5-ff-2c.wav
Vn,ord,E5,pp,Strings/Vn/ordinario/Vn-ord-E5-pp-1c.wav
Vn,ord,F6,pp,Strings/Vn/ordinario/Vn-ord-F6-pp-1c.wav
Vn,ord,G#3,ff,Strings/Vn/ordinario/Vn-ord-G#3-ff-4c.wav
Vn,ord,G#3,mf,Strings/Vn/ordinario/Vn-ord-G#3-mf-4c.wav
Vn,ord,G#3,pp,Strings/Vn/ordinario/Vn-ord-G#3-pp-4c.wav
Vn,ord,G#4,ff,Strings/Vn/ordinario/Vn-ord-G#4-ff-3c.wav
Vn,ord,G#4,mf,Strings/Vn/ordinario/Vn-ord-G#4-mf-3c.wav
Vn,ord,G#4,pp,Strings/Vn/ordinario/Vn-ord-G#4-pp-3c.wav
Vn,ord,G#5,ff,Strings/Vn/ordinario/Vn-ord-G#5-ff-1c.wav
Vn,ord,G#5,mf,Strings/Vn/ordinario/Vn-ord-G#5-mf-1c.wav
Vn,ord,G#5,pp,Strings/Vn/ordinario/Vn-ord-G#5-pp-1c.wav
Vn,ord,G#6,ff,Strings/Vn/ordinario/Vn-ord-G#6-ff-1c.wav
Vn,ord,G#6,mf,Strings/Vn/ordinario/Vn-ord-G#6-mf-2c.wav
Vn,ord,G#6,pp,Strings/Vn/ordinario/Vn-ord-G#6-pp-1c.wav
Vn,ord,G3,ff,Strings/Vn/ordinario/Vn-ord-G3-ff-4c.wav
Vn,ord,G3,mf,Strings/Vn/ordinario/Vn-ord-G3-mf-4c.wav
Vn,ord,G3,pp,Strings/Vn/ordinario/Vn-ord-G3-pp-4c.wav
Vn,ord,G4,ff,Strings/Vn/ordinario/Vn-ord-G4-ff-3c.wav
Vn,ord,G4,mf,Strings/Vn/ordinario/Vn-ord-G4-mf-3c.wav
Vn,ord,G4,pp,Strings/Vn/ordinario/Vn-ord-G4-pp-3c.wav
Vn,ord,G5,ff,Strings/Vn/ordinario/Vn-ord-G5-ff-1c.wav
Vn,ord,G5,mf,Strings/Vn/ordinario/Vn-ord-G5-mf-1c.wav
Vn,ord,G5,pp,Strings/Vn/ordinario/Vn-ord-G5-pp-1c.wav
Vn,ord,G6,ff,Strings/Vn/ordinario/Vn-ord-G6-ff-2c.wav
Vn,ord,G6,mf,Strings/Vn/ordinario/Vn-ord-G6-mf-1c.wav
Vn,ord,G6,pp,Strings/Vn/ordinario/Vn-ord-G6-pp-1c.wav
Vn,ord,D5,mf,Strings/Vn/ordinario/Vn-ord-D5-mf-2c.wav
Vn,ord,D5,pp,Strings/Vn/ordinario/Vn-ord-D5-pp-2c.wav
Vn,ord,D6,ff,Strings/Vn/ordinario/Vn-ord-D6-ff-1c.wav
Vn,ord,D6,mf,Strings/Vn/ordinario/Vn-ord-D6-mf-1c.wav
Vn,ord,D6,pp,Strings/Vn/ordinario/Vn-ord-D6-pp-1c.wav
Vn,ord,D7,ff,Strings/Vn/ordinario/Vn-ord-D7-ff-1c.wav
Vn,ord,D7,mf,Strings/Vn/ordinario/Vn-ord-D7-mf-1c.wav
Vn,ord,D7,pp,Strings/Vn/ordinario/Vn-ord-D7-pp-1c.wav
Vn,ord,E4,ff,Strings/Vn/ordinario/Vn-ord-E4-ff-3c.wav
Vn,ord,E4,mf,Strings/Vn/ordinario/Vn-ord-E4-mf-3c.wav
Vn,ord,E4,pp,Strings/Vn/ordinario/Vn-ord-E4-pp-3c.wav
Vn,ord,E5,ff,Strings/Vn/ordinario/Vn-ord-E5-ff-1c.wav
Vn,ord,E5,ff,Strings/Vn/ordinario/Vn-ord-E5-ff-2c.wav
Vn,ord,E5,mf,Strings/Vn/ordinario/Vn-ord-E5-mf-1c.wav
Vn,ord,E5,mf,Strings/Vn/ordinario/Vn-ord-E5-mf-2c.wav
Vn,ord,A4,pp,Strings/Vn/ordinario/Vn-ord-A4-pp-2c.wav
Vn,ord,A4,pp,Strings/Vn/ordinario/Vn-ord-A4-pp-3c.wav
Vn,ord,A5,ff,Strings/Vn/ordinario/Vn-ord-A5-ff-1c.wav
Vn,ord,A5,mf,Strings/Vn/ordinario/Vn-ord-A5-mf-1c.wav
Vn,ord,A5,pp,Strings/Vn/ordinario/Vn-ord-A5-pp-1c.wav
Vn,ord,A6,ff,Strings/Vn/ordinario/Vn-ord-A6-ff-1c.wav
Vn,ord,A6,mf,Strings/Vn/ordinario/Vn-ord-A6-mf-1c.wav
Vn,ord,A6,pp,Strings/Vn/ordinario/Vn-ord-A6-pp-1c.wav
Vn,ord,B3,ff,Strings/Vn/ordinario/Vn-ord-B3-ff-4c.wav
Vn,ord,B3,mf,Strings/Vn/ordinario/Vn-ord-B3-mf-4c.wav
Vn,ord,B3,pp,Strings/Vn/ordinario/Vn-ord-B3-pp-4c.wav
Vn,ord,B4,ff,Strings/Vn/ordinario/Vn-ord-B4-ff-2c.wav
Vn,ord,B4,mf,Strings/Vn/ordinario/Vn-ord-B4-mf-2c.wav
Vn,ord,B4,pp,Strings/Vn/ordinario/Vn-ord-B4-pp-2c.wav
Vn,ord,B5,ff,Strings/Vn/ordinario/Vn-ord-B5-ff-1c.wav
Vn,ord,B5,mf,Strings/Vn/ordinario/Vn-ord-B5-mf-1c.wav
Bn,ord,A#1,ff,Winds/Bn/ordinario/Bn-ord-A#1-ff.wav
Bn,ord,A#1,mf,Winds/Bn/ordinario/Bn-ord-A#1-mf.wav
Bn,ord,A#1,pp,Winds/Bn/ordinario/Bn-ord-A#1-pp.wav
Bn,ord,A#2,ff,Winds/Bn/ordinario/Bn-ord-A#2-ff.wav
Bn,ord,A#2,mf,Winds/Bn/ordinario/Bn-ord-A#2-mf.wav
Bn,ord,A#2,pp,Winds/Bn/ordinario/Bn-ord-A#2-pp.wav
Bn,ord,A#3,ff,Winds/Bn/ordinario/Bn-ord-A#3-ff.wav
Bn,ord,A#3,mf,Winds/Bn/ordinario/Bn-ord-A#3-mf.wav
Bn,ord,A#3,pp,Winds/Bn/ordinario/Bn-ord-A#3-pp.wav
Bn,ord,A#4,ff,Winds/Bn/ordinario/Bn-ord-A#4-ff.wav
Bn,ord,A#4,mf,Winds/Bn/ordinario/Bn-ord-A#4-mf.wav
Bn,ord,A#4,pp,Winds/Bn/ordinario/Bn-ord-A#4-pp.wav
Bn,ord,A2,ff,Winds/Bn/ordinario/Bn-ord-A2-ff.wav
Bn,ord,A2,mf,Winds/Bn/ordinario/Bn-ord-A2-mf.wav
Bn,ord,A2,pp,Winds/Bn/ordinario/Bn-ord-A2-pp.wav
Bn,ord,A3,ff,Winds/Bn/ordinario/Bn-ord-A3-ff.wav
Bn,ord,A3,mf,Winds/Bn/ordinario/Bn-ord-A3-mf.wav
Bn,ord,A3,pp,Winds/Bn/ordinario/Bn-ord-A3-pp.wav
Bn,ord,A4,ff,Winds/Bn/ordinario/Bn-ord-A4-ff.wav
Bn,ord,A4,mf,Winds/Bn/ordinario/Bn-ord-A4-mf.wav
Bn,ord,A4,pp,Winds/Bn/ordinario/Bn-ord-A4-pp.wav
Bn,ord,B1,ff,Winds/Bn/ordinario/Bn-ord-B1-ff.wav
Bn,ord,B1,mf,Winds/Bn/ordinario/Bn-ord-B1-mf.wav
Bn,ord,B1,pp,Winds/Bn/ordinario/Bn-ord-B1-pp.wav
Bn,ord,B2,ff,Winds/Bn/ordinario/Bn-ord-B2-ff.wav
Bn,ord,B2,mf,Winds/Bn/ordinario/Bn-ord-B2-mf.wav
Bn,ord,B2,pp,Winds/Bn/ordinario/Bn-ord-B2-pp.wav
Bn,ord,B3,ff,Winds/Bn/ordinario/Bn-ord-B3-ff.wav
Bn,ord,B3,mf,Winds/Bn/ordinario/Bn-ord-B3-mf.wav
Bn,ord,B3,pp,Winds/Bn/ordinario/Bn-ord-B3-pp.wav
Bn,ord,B4,ff,Winds/Bn/ordinario/Bn-ord-B4-ff.wav
Bn,ord,D#4,pp,Winds/Bn/ordinario/Bn-ord-D#4-pp.wav
Bn,ord,D#5,ff,Winds/Bn/ordinario/Bn-ord-D#5-ff.wav
Bn,ord,D#5,mf,Winds/Bn/ordinario/Bn-ord-D#5-mf.wav
Bn,ord,D#5,pp,Winds/Bn/ordinario/Bn-ord-D#5-pp.wav
Bn,ord,D2,ff,Winds/Bn/ordinario/Bn-ord-D2-ff.wav
Bn,ord,D2,mf,Winds/Bn/ordinario/Bn-ord-D2-mf.wav
Bn,ord,D2,pp,Winds/Bn/ordinario/Bn-ord-D2-pp.wav
Bn,ord,D3,ff,Winds/Bn/ordinario/Bn-ord-D3-ff.wav
Bn,ord,D3,mf,Winds/Bn/ordinario/Bn-ord-D3-mf.wav
Bn,ord,D3,pp,Winds/Bn/ordinario/Bn-ord-D3-pp.wav
Bn,ord,D4,ff,Winds/Bn/ordinario/Bn-ord-D4-ff.wav
Bn,ord,D4,mf,Winds/Bn/ordinario/Bn-ord-D4-mf.wav
Bn,ord,D4,pp,Winds/Bn/ordinario/Bn-ord-D4-pp.wav
Bn,ord,D5,ff,Winds/Bn/ordinario/Bn-ord-D5-ff.wav
Bn,ord,D5,mf,Winds/Bn/ordinario/Bn-ord-D5-mf.wav
Bn,ord,D5,pp,Winds/Bn/ordinario/Bn-ord-D5-pp.wav
Bn,ord,E2,ff,Winds/Bn/ordinario/Bn-ord-E2-ff.wav
Bn,ord,E2,mf,Winds/Bn/ordinario/Bn-ord-E2-mf.wav
Bn,ord,E2,pp,Winds/Bn/ordinario/Bn-ord-E2-pp.wav
Bn,ord,E3,ff,Winds/Bn/ordinario/Bn-ord-E3-ff.wav
Bn,ord,E3,mf,Winds/Bn/ordinario/Bn-ord-E3-mf.wav
Bn,ord,E3,pp,Winds/Bn/ordinario/Bn-ord-E3-pp.wav
Bn,ord,E4,ff,Winds/Bn/ordinario/Bn-ord-E4-ff.wav
Bn,ord,E4,mf,Winds/Bn/ordinario/Bn-ord-E4-mf.wav
Bn,ord,E4,pp,Winds/Bn/ordinario/Bn-ord-E4-pp.wav
Bn,ord,F#2,ff,Winds/Bn/ordinario/Bn-ord-F#2-ff.wav
Bn,ord,F#2,mf,Winds/Bn/ordinario/Bn-ord-F#2-mf.wav
Bn,ord,F#2,pp,Winds/Bn/ordinario/Bn-ord-F#2-pp.wav
Bn,ord,F#3,ff,Winds/Bn/ordinario/Bn-ord-F#3-ff.wav
Bn,ord,F#3,mf,Winds/Bn/ordinario/Bn-ord-F#3-mf.wav
Bn,ord,F#3,pp,Winds/Bn/ordinario/Bn-ord-F#3-pp.wav
Bn,ord,F#4,ff,Winds/Bn/ordinario/Bn-ord-F#4-ff.wav
Bn,ord,B4,pp,Winds/Bn/ordinario/Bn-ord-B4-pp.wav
Bn,ord,C#2,ff,Winds/Bn/ordinario/Bn-ord-C#2-ff.wav
Bn,ord,C#2,mf,Winds/Bn/ordinario/Bn-ord-C#2-mf.wav
Bn,ord,C#2,pp,Winds/Bn/ordinario/Bn-ord-C#2-pp.wav
Bn,ord,C#3,ff,Winds/Bn/ordinario/Bn-ord-C#3-ff.wav
Bn,ord,C#3,mf,Winds/Bn/ordinario/Bn-ord-C#3-mf.wav
Bn,ord,C#3,pp,Winds/Bn/ordinario/Bn-ord-C#3-pp.wav
Bn,ord,C#4,ff,Winds/Bn/ordinario/Bn-ord-C#4-ff.wav
Bn,ord,C#4,mf,Winds/Bn/ordinario/Bn-ord-C#4-mf.wav
Bn,ord,C#4,pp,Winds/Bn/ordinario/Bn-ord-C#4-pp.wav
Bn,ord,C#5,ff,Winds/Bn/ordinario/Bn-ord-C#5-ff.wav
Bn,ord,C#5,mf,Winds/Bn/ordinario/Bn-ord-C#5-mf.wav
Bn,ord,C#5,pp,Winds/Bn/ordinario/Bn-ord-C#5-pp.wav
Bn,ord,C2,ff,Winds/Bn/ordinario/Bn-ord-C2-ff.wav
Bn,ord,C2,mf,Winds/Bn/ordinario/Bn-ord-C2-mf.wav
Bn,ord,C2,pp,Winds/Bn/ordinario/Bn-ord-C2-pp.wav
Bn,ord,C3,ff,Winds/Bn/ordinario/Bn-ord-C3-ff.wav
Bn,ord,C3,mf,Winds/Bn/ordinario/Bn-ord-C3-mf.wav
Bn,ord,C3,pp,Winds/Bn/ordinario/Bn-ord-C3-pp.wav
Bn,ord,C4,ff,Winds/Bn/ordinario/Bn-ord-C4-ff.wav
Bn,ord,C4,mf,Winds/Bn/ordinario/Bn-ord-C4-mf.wav
Bn,ord,C4,pp,Winds/Bn/ordinario/Bn-ord-C4-pp.wav
Bn,ord,C5,ff,Winds/Bn/ordinario/Bn-ord-C5-ff.wav
Bn,ord,C5,mf,Winds/Bn/ordinario/Bn-ord-C5-mf.wav
Bn,ord,C5,pp,Winds/Bn/ordinario/Bn-ord-C5-pp.wav
Bn,ord,D#2,ff,Winds/Bn/ordinario/Bn-ord-D#2-ff.wav
Bn,ord,D#2,mf,Winds/Bn/ordinario/Bn-ord-D#2-mf.wav
Bn,ord,D#2,pp,Winds/Bn/ordinario/Bn-ord-D#2-pp.wav
Bn,ord,D#3,ff,Winds/Bn/ordinario/Bn-ord-D#3-ff.wav
Bn,ord,D#3,mf,Winds/Bn/ordinario/Bn-ord-D#3-mf.wav
Bn,ord,D#3,pp,Winds/Bn/ordinario/Bn-ord-D#3-pp.wav
Bn,ord,D#4,ff,Winds/Bn/ordinario/Bn-ord-D#4-ff.wav
Bn,ord,F#4,pp,Winds/Bn/ordinario/Bn-ord-F#4-pp.wav
Bn,ord,F2,ff,Winds/Bn/ordinario/Bn-ord-F2-ff.wav
Bn,ord,F2,mf,Winds/Bn/ordinario/Bn-ord-F2-mf.wav
Bn,ord,F2,pp,Winds/Bn/ordinario/Bn-ord-F2-pp.wav
Bn,ord,F3,ff,Winds/Bn/ordinario/Bn-ord-F3-ff.wav
Bn,ord,F3,mf,Winds/Bn/ordinario/Bn-ord-F3-mf.wav
Bn,ord,F3,pp,Winds/Bn/ordinario/Bn-ord-F3-pp.wav
Bn,ord,F4,ff,Winds/Bn/ordinario/Bn-ord-F4-ff.wav
Bn,ord,F4,mf,Winds/Bn/ordinario/Bn-ord-F4-mf.wav
Bn,ord,F4,pp,Winds/Bn/ordinario/Bn-ord-F4-pp.wav
Bn,ord,G#2,ff,Winds/Bn/ordinario/Bn-ord-G#2-ff.wav
Bn,ord,G#2,mf,Winds/Bn/ordinario/Bn-ord-G#2-mf.wav
Bn,ord,G#2,pp,Winds/Bn/ordinario/Bn-ord-G#2-pp.wav
Bn,ord,G#3,ff,Winds/Bn/ordinario/Bn-ord-G#3-ff.wav
Bn,ord,G#3,mf,Winds/Bn/ordinario/Bn-ord-G#3-mf.wav
Bn,ord,G#3,pp,Winds/Bn/ordinario/Bn-ord-G#3-pp.wav
Bn,ord,G#4,ff,Winds/Bn/ordinario/Bn-ord-G#4-ff.wav
Bn,ord,G#4,mf,Winds/Bn/ordinario/Bn-ord-G#4-mf.wav
Bn,ord,G#4,pp,Winds/Bn/ordinario/Bn-ord-G#4-pp.wav
Bn,ord,G2,ff,Winds/Bn/ordinario/Bn-ord-G2-ff.wav
Bn,ord,G2,mf,Winds/Bn/ordinario/Bn-ord-G2-mf.wav
Bn,ord,G2,pp,Winds/Bn/ordinario/Bn-ord-G2-pp.wav
Bn,ord,G3,ff,Winds/Bn/ordinario/Bn-ord-G3-ff.wav
Bn,ord,G3,mf,Winds/Bn/ordinario/Bn-ord-G3-mf.wav
Bn,ord,G3,pp,Winds/Bn/ordinario/Bn-ord-G3-pp.wav
Bn,ord,G4,ff,Winds/Bn/ordinario/Bn-ord-G4-ff.wav
Bn,ord,G4,mf,Winds/Bn/ordinario/Bn-ord-G4-mf.wav
Bn,ord,G4,pp,Winds/Bn/ordinario/Bn-ord-G4-pp.wav
Bn,ord,B4,mf,Winds/Bn/ordinario/Bn-ord-B4-mf.wav
Bn,ord,D#4,mf,Winds/Bn/ordinario/Bn-ord-D#4-mf.wav
Bn,ord,F#4,mf,Winds/Bn/ordinario/Bn-ord-F#4-mf.wav
ClBb,ord,A#3,ff,Winds/ClBb/ordinario/ClBb-ord-A#3-ff.wav
ClBb,ord,A#3,mf,Winds/ClBb/ordinario/ClBb-ord-A#3-mf.wav
ClBb,ord,A#3,pp,Winds/ClBb/ordinario/ClBb-ord-A#3-pp.wav
ClBb,ord,A#4,ff,Winds/ClBb/ordinario/ClBb-ord-A#4-ff.wav
ClBb,ord,A#4,mf,Winds/ClBb/ordinario/ClBb-ord-A#4-mf.wav
ClBb,ord,A#4,pp,Winds/ClBb/ordinario/ClBb-ord-A#4-pp.wav
ClBb,ord,A#5,ff,Winds/ClBb/ordinario/ClBb-ord-A#5-ff.wav
ClBb,ord,A#5,mf,Winds/ClBb/ordinario/ClBb-ord-A#5-mf.wav
ClBb,ord,A#5,pp,Winds/ClBb/ordinario/ClBb-ord-A#5-pp.wav
ClBb,ord,A3,ff,Winds/ClBb/ordinario/ClBb-ord-A3-ff.wav
ClBb,ord,A3,mf,Winds/ClBb/ordinario/ClBb-ord-A3-mf.wav
ClBb,ord,A3,pp,Winds/ClBb/ordinario/ClBb-ord-A3-pp.wav
ClBb,ord,A4,ff,Winds/ClBb/ordinario/ClBb-ord-A4-ff.wav
ClBb,ord,A4,mf,Winds/ClBb/ordinario/ClBb-ord-A4-mf.wav
ClBb,ord,A4,pp,Winds/ClBb/ordinario/ClBb-ord-A4-pp.wav
ClBb,ord,A5,ff,Winds/ClBb/ordinario/ClBb-ord-A5-ff.wav
ClBb,ord,A5,mf,Winds/ClBb/ordinario/ClBb-ord-A5-mf.wav
ClBb,ord,A5,pp,Winds/ClBb/ordinario/ClBb-ord-A5-pp.wav
ClBb,ord,B3,ff,Winds/ClBb/ordinario/ClBb-ord-B3-ff.wav
ClBb,ord,B3,mf,Winds/ClBb/ordinario/ClBb-ord-B3-mf.wav
ClBb,ord,B3,pp,Winds/ClBb/ordinario/ClBb-ord-B3-pp.wav
ClBb,ord,B4,ff,Winds/ClBb/ordinario/ClBb-ord-B4-ff.wav
ClBb,ord,B4,mf,Winds/ClBb/ordinario/ClBb-ord-B4-mf.wav
ClBb,ord,B4,pp,Winds/ClBb/ordinario/ClBb-ord-B4-pp.wav
ClBb,ord,B5,ff,Winds/ClBb/ordinario/ClBb-ord-B5-ff.wav
ClBb,ord,B5,mf,Winds/ClBb/ordinario/ClBb-ord-B5-mf.wav
ClBb,ord,B5,pp,Winds/ClBb/ordinario/ClBb-ord-B5-pp.wav
ClBb,ord,C#4,ff,Winds/ClBb/ordinario/ClBb-ord-C#4-ff.wav
ClBb,ord,C#4,mf,Winds/ClBb/ordinario/ClBb-ord-C#4-mf.wav
ClBb,ord,C#4,pp,Winds/ClBb/ordinario/ClBb-ord-C#4-pp.wav
ClBb,ord,C#5,ff,Winds/ClBb/ordinario/ClBb-ord-C#5-ff.wav
ClBb,ord,D5,mf,Winds/ClBb/ordinario/ClBb-ord-D5-mf.wav
ClBb,ord,D5,pp,Winds/ClBb/ordinario/ClBb-ord-D5-pp.wav
ClBb,ord,D6,ff,Winds/ClBb/ordinario/ClBb-ord-D6-ff.wav
ClBb,ord,D6,mf,Winds/ClBb/ordinario/ClBb-ord-D6-mf.wav
ClBb,ord,D6,pp,Winds/ClBb/ordinario/ClBb-ord-D6-pp.wav
ClBb,ord,E3,ff,Winds/ClBb/ordinario/ClBb-ord-E3-ff.wav
ClBb,ord,E3,mf,Winds/ClBb/ordinario/ClBb-ord-E3-mf.wav
ClBb,ord,E3,pp,Winds/ClBb/ordinario/ClBb-ord-E3-pp.wav
ClBb,ord,E4,ff,Winds/ClBb/ordinario/ClBb-ord-E4-ff.wav
ClBb,ord,E4,mf,Winds/ClBb/ordinario/ClBb-ord-E4-mf.wav
ClBb,ord,E4,pp,Winds/ClBb/ordinario/ClBb-ord-E4-pp.wav
ClBb,ord,E5,ff,Winds/ClBb/ordinario/ClBb-ord-E5-ff.wav
ClBb,ord,E5,mf,Winds/ClBb/ordinario/ClBb-ord-E5-mf.wav
ClBb,ord,E5,pp,Winds/ClBb/ordinario/ClBb-ord-E5-pp.wav
ClBb,ord,E6,ff,Winds/ClBb/ordinario/ClBb-ord-E6-ff.wav
ClBb,ord,E6,mf,Winds/ClBb/ordinario/ClBb-ord-E6-mf.wav
ClBb,ord,E6,pp,Winds/ClBb/ordinario/ClBb-ord-E6-pp.wav
ClBb,ord,F#3,ff,Winds/ClBb/ordinario/ClBb-ord-F#3-ff.wav
ClBb,ord,F#3,mf,Winds/ClBb/ordinario/ClBb-ord-F#3-mf.wav
ClBb,ord,F#3,pp,Winds/ClBb/ordinario/ClBb-ord-F#3-pp.wav
ClBb,ord,F#4,ff,Winds/ClBb/ordinario/ClBb-ord-F#4-ff.wav
ClBb,ord,F#4,mf,Winds/ClBb/ordinario/ClBb-ord-F#4-mf.wav
ClBb,ord,F#4,pp,Winds/ClBb/ordinario/ClBb-ord-F#4-pp.wav
ClBb,ord,F#5,ff,Winds/ClBb/ordinario/ClBb-ord-F#5-ff.wav
ClBb,ord,F#5,mf,Winds/ClBb/ordinario/ClBb-ord-F#5-mf.wav
ClBb,ord,F#5,pp,Winds/ClBb/ordinario/ClBb-ord-F#5-pp.wav
ClBb,ord,F#6,ff,Winds/ClBb/ordinario/ClBb-ord-F#6-ff.wav
ClBb,ord,F#6,mf,Winds/ClBb/ordinario/ClBb-ord-F#6-mf.wav
ClBb,ord,F#6,pp,Winds/ClBb/ordinario/ClBb-ord-F#6-pp.wav
ClBb,ord,F3,ff,Winds/ClBb/ordinario/ClBb-ord-F3-ff.wav
ClBb,ord,F3,pp,Winds/ClBb/ordinario/ClBb-ord-F3-pp.wav
ClBb,ord,F4,ff,Winds/ClBb/ordinario/ClBb-ord-F4-ff.wav
ClBb,ord,F4,mf,Winds/ClBb/ordinario/ClBb-ord-F4-mf.wav
ClBb,ord,F4,pp,Winds/ClBb/ordinario/ClBb-ord-F4-pp.wav
ClBb,ord,F5,ff,Winds/ClBb/ordinario/ClBb-ord-F5-ff.wav
ClBb,ord,F5,mf,Winds/ClBb/ordinario/ClBb-ord-F5-mf.wav
ClBb,ord,F5,pp,Winds/ClBb/ordinario/ClBb-ord-F5-pp.wav
ClBb,ord,F6,ff,Winds/ClBb/ordinario/ClBb-ord-F6-ff.wav
ClBb,ord,F6,mf,Winds/ClBb/ordinario/ClBb-ord-F6-mf.wav
ClBb,ord,F6,pp,Winds/ClBb/ordinario/ClBb-ord-F6-pp.wav
ClBb,ord,G#3,ff,Winds/ClBb/ordinario/ClBb-ord-G#3-ff.wav
ClBb,ord,G#3,mf,Winds/ClBb/ordinario/ClBb-ord-G#3-mf.wav
ClBb,ord,G#3,pp,Winds/ClBb/ordinario/ClBb-ord-G#3-pp.wav
ClBb,ord,G#4,ff,Winds/ClBb/ordinario/ClBb-ord-G#4-ff.wav
ClBb,ord,G#4,mf,Winds/ClBb/ordinario/ClBb-ord-G#4-mf.wav
ClBb,ord,G#4,pp,Winds/ClBb/ordinario/ClBb-ord-G#4-pp.wav
ClBb,ord,G#5,ff,Winds/ClBb/ordinario/ClBb-ord-G#5-ff.wav
ClBb,ord,G#5,mf,Winds/ClBb/ordinario/ClBb-ord-G#5-mf.wav
ClBb,ord,G#5,pp,Winds/ClBb/ordinario/ClBb-ord-G#5-pp.wav
ClBb,ord,G3,ff,Winds/ClBb/ordinario/ClBb-ord-G3-ff.wav
ClBb,ord,G3,mf,Winds/ClBb/ordinario/ClBb-ord-G3-mf.wav
ClBb,ord,G3,pp,Winds/ClBb/ordinario/ClBb-ord-G3-pp.wav
ClBb,ord,G4,ff,Winds/ClBb/ordinario/ClBb-ord-G4-ff.wav
ClBb,ord,G4,mf,Winds/ClBb/ordinario/ClBb-ord-G4-mf.wav
ClBb,ord,G4,pp,Winds/ClBb/ordinario/ClBb-ord-G4-pp.wav
ClBb,ord,G5,ff,Winds/ClBb/ordinario/ClBb-ord-G5-ff.wav
ClBb,ord,G5,mf,Winds/ClBb/ordinario/ClBb-ord-G5-mf.wav
ClBb,ord,G5,pp,Winds/ClBb/ordinario/ClBb-ord-G5-pp.wav
ClBb,ord,G6,ff,Winds/ClBb/ordinario/ClBb-ord-G6-ff.wav
ClBb,ord,G6,mf,Winds/ClBb/ordinario/ClBb-ord-G6-mf.wav
ClBb,ord,G6,pp,Winds/ClBb/ordinario/ClBb-ord-G6-pp.wav
ClBb,ord,C#5,pp,Winds/ClBb/ordinario/ClBb-ord-C#5-pp.wav
ClBb,ord,C#6,ff,Winds/ClBb/ordinario/ClBb-ord-C#6-ff.wav
ClBb,ord,C#6,mf,Winds/ClBb/ordinario/ClBb-ord-C#6-mf.wav
ClBb,ord,C#6,pp,Winds/ClBb/ordinario/ClBb-ord-C#6-pp.wav
ClBb,ord,C4,ff,Winds/ClBb/ordinario/ClBb-ord-C4-ff.wav
ClBb,ord,C4,mf,Winds/ClBb/ordinario/ClBb-ord-C4-mf.wav
ClBb,ord,C4,pp,Winds/ClBb/ordinario/ClBb-ord-C4-pp.wav
ClBb,ord,C5,ff,Winds/ClBb/ordinario/ClBb-ord-C5-ff.wav
ClBb,ord,C5,mf,Winds/ClBb/ordinario/ClBb-ord-C5-mf.wav
ClBb,ord,C5,pp,Winds/ClBb/ordinario/ClBb-ord-C5-pp.wav
ClBb,ord,C6,ff,Winds/ClBb/ordinario/ClBb-ord-C6-ff.wav
ClBb,ord,C6,mf,Winds/ClBb/ordinario/ClBb-ord-C6-mf.wav
ClBb,ord,C6,pp,Winds/ClBb/ordinario/ClBb-ord-C6-pp.wav
ClBb,ord,D#3,ff,Winds/ClBb/ordinario/ClBb-ord-D#3-ff.wav
ClBb,ord,D#3,mf,Winds/ClBb/ordinario/ClBb-ord-D#3-mf.wav
ClBb,ord,D#3,pp,Winds/ClBb/ordinario/ClBb-ord-D#3-pp.wav
ClBb,ord,D#4,ff,Winds/ClBb/ordinario/ClBb-ord-D#4-ff.wav
ClBb,ord,D#4,mf,Winds/ClBb/ordinario/ClBb-ord-D#4-mf.wav
ClBb,ord,D#4,pp,Winds/ClBb/ordinario/ClBb-ord-D#4-pp.wav
ClBb,ord,D#5,ff,Winds/ClBb/ordinario/ClBb-ord-D#5-ff.wav
ClBb,ord,D#5,mf,Winds/ClBb/ordinario/ClBb-ord-D#5-mf.wav
ClBb,ord,D#5,pp,Winds/ClBb/ordinario/ClBb-ord-D#5-pp.wav
ClBb,ord,D#6,ff,Winds/ClBb/ordinario/ClBb-ord-D#6-ff.wav
ClBb,ord,D#6,mf,Winds/ClBb/ordinario/ClBb-ord-D#6-mf.wav
ClBb,ord,D#6,pp,Winds/ClBb/ordinario/ClBb-ord-D#6-pp.wav
ClBb,ord,D3,ff,Winds/ClBb/ordinario/ClBb-ord-D3-ff.wav
ClBb,ord,D3,mf,Winds/ClBb/ordinario/ClBb-ord-D3-mf.wav
ClBb,ord,D3,pp,Winds/ClBb/ordinario/ClBb-ord-D3-pp.wav
ClBb,ord,D4,ff,Winds/ClBb/ordinario/ClBb-ord-D4-ff.wav
ClBb,ord,D4,mf,Winds/ClBb/ordinario/ClBb-ord-D4-mf.wav
ClBb,ord,D4,pp,Winds/ClBb/ordinario/ClBb-ord-D4-pp.wav
ClBb,ord,C#5,mf,Winds/ClBb/ordinario/ClBb-ord-C#5-mf.wav
ClBb,ord,D5,ff,Winds/ClBb/ordinario/ClBb-ord-D5-ff.wav
ClBb,ord,F3,mf,Winds/ClBb/ordinario/ClBb-ord-F3-mf.wav
Fl,ord,A#4,ff,Winds/Fl/ordinario/Fl-ord-A#4-ff.wav
Fl,ord,A#4,mf,Winds/Fl/ordinario/Fl-ord-A#4-mf.wav
Fl,ord,A#4,pp,Winds/Fl/ordinario/Fl-ord-A#4-pp.wav
Fl,ord,A#5,ff,Winds/Fl/ordinario/Fl-ord-A#5-ff.wav
Fl,ord,A#5,mf,Winds/Fl/ordinario/Fl-ord-A#5-mf.wav
Fl,ord,A#5,pp,Winds/Fl/ordinario/Fl-ord-A#5-pp.wav
Fl,ord,A#6,ff,Winds/Fl/ordinario/Fl-ord-A#6-ff.wav
Fl,ord,A#6,mf,Winds/Fl/ordinario/Fl-ord-A#6-mf.wav
Fl,ord,A#6,pp,Winds/Fl/ordinario/Fl-ord-A#6-pp.wav
Fl,ord,A4,ff,Winds/Fl/ordinario/Fl-ord-A4-ff.wav
Fl,ord,A4,mf,Winds/Fl/ordinario/Fl-ord-A4-mf.wav
Fl,ord,A4,pp,Winds/Fl/ordinario/Fl-ord-A4-pp.wav
Fl,ord,A5,ff,Winds/Fl/ordinario/Fl-ord-A5-ff.wav
Fl,ord,A5,mf,Winds/Fl/ordinario/Fl-ord-A5-mf.wav
Fl,ord,A5,pp,Winds/Fl/ordinario/Fl-ord-A5-pp.wav
Fl,ord,A6,ff,Winds/Fl/ordinario/Fl-ord-A6-ff.wav
Fl,ord,A6,mf,Winds/Fl/ordinario/Fl-ord-A6-mf.wav
Fl,ord,A6,pp,Winds/Fl/ordinario/Fl-ord-A6-pp.wav
Fl,ord,B3,ff,Winds/Fl/ordinario/Fl-ord-B3-ff.wav
Fl,ord,B3,mf,Winds/Fl/ordinario/Fl-ord-B3-mf.wav
Fl,ord,B3,pp,Winds/Fl/ordinario/Fl-ord-B3-pp.wav
Fl,ord,B4,ff,Winds/Fl/ordinario/Fl-ord-B4-ff.wav
Fl,ord,B4,mf,Winds/Fl/ordinario/Fl-ord-B4-mf.wav
Fl,ord,B4,pp,Winds/Fl/ordinario/Fl-ord-B4-pp.wav
Fl,ord,B5,ff,Winds/Fl/ordinario/Fl-ord-B5-ff.wav
Fl,ord,B5,mf,Winds/Fl/ordinario/Fl-ord-B5-mf.wav
Fl,ord,B5,pp,Winds/Fl/ordinario/Fl-ord-B5-pp.wav
Fl,ord,B6,ff,Winds/Fl/ordinario/Fl-ord-B6-ff.wav
Fl,ord,B6,mf,Winds/Fl/ordinario/Fl-ord-B6-mf.wav
Fl,ord,B6,pp,Winds/Fl/ordinario/Fl-ord-B6-pp.wav
Fl,ord,C#4,ff,Winds/Fl/ordinario/Fl-ord-C#4-ff.wav
Fl,ord,C#4,mf,Winds/Fl/ordinario/Fl-ord-C#4-mf.wav
Fl,ord,D4,pp,Winds/Fl/ordinario/Fl-ord-D4-pp.wav
Fl,ord,D5,ff,Winds/Fl/ordinario/Fl-ord-D5-ff.wav
Fl,ord,D5,mf,Winds/Fl/ordinario/Fl-ord-D5-mf.wav
Fl,ord,D5,pp,Winds/Fl/ordinario/Fl-ord-D5-pp.wav
Fl,ord,D6,ff,Winds/Fl/ordinario/Fl-ord-D6-ff.wav
Fl,ord,D6,mf,Winds/Fl/ordinario/Fl-ord-D6-mf.wav
Fl,ord,D6,pp,Winds/Fl/ordinario/Fl-ord-D6-pp.wav
Fl,ord,D7,ff,Winds/Fl/ordinario/Fl-ord-D7-ff.wav
Fl,ord,D7,p,Winds/Fl/ordinario/Fl-ord-D7-p.wav
Fl,ord,E4,ff,Winds/Fl/ordinario/Fl-ord-E4-ff.wav
Fl,ord,E4,mf,Winds/Fl/ordinario/Fl-ord-E4-mf.wav
Fl,ord,E4,pp,Winds/Fl/ordinario/Fl-ord-E4-pp.wav
Fl,ord,E5,ff,Winds/Fl/ordinario/Fl-ord-E5-ff.wav
Fl,ord,E5,mf,Winds/Fl/ordinario/Fl-ord-E5-mf.wav
Fl,ord,E5,pp,Winds/Fl/ordinario/Fl-ord-E5-pp.wav
Fl,ord,E6,ff,Winds/Fl/ordinario/Fl-ord-E6-ff.wav
Fl,ord,E6,mf,Winds/Fl/ordinario/Fl-ord-E6-mf.wav
Fl,ord,E6,pp,Winds/Fl/ordinario/Fl-ord-E6-pp.wav
Fl,ord,F#4,ff,Winds/Fl/ordinario/Fl-ord-F#4-ff.wav
Fl,ord,F#4,mf,Winds/Fl/ordinario/Fl-ord-F#4-mf.wav
Fl,ord,F#4,pp,Winds/Fl/ordinario/Fl-ord-F#4-pp.wav
Fl,ord,F#5,ff,Winds/Fl/ordinario/Fl-ord-F#5-ff.wav
Fl,ord,F#5,mf,Winds/Fl/ordinario/Fl-ord-F#5-mf.wav
Fl,ord,F#5,pp,Winds/Fl/ordinario/Fl-ord-F#5-pp.wav
Fl,ord,F#6,ff,Winds/Fl/ordinario/Fl-ord-F#6-ff.wav
Fl,ord,F#6,mf,Winds/Fl/ordinario/Fl-ord-F#6-mf.wav
Fl,ord,F#6,pp,Winds/Fl/ordinario/Fl-ord-F#6-pp.wav
Fl,ord,C#5,ff,Winds/Fl/ordinario/Fl-ord-C#5-ff.wav
Fl,ord,C#5,mf,Winds/Fl/ordinario/Fl-ord-C#5-mf.wav
Fl,ord,C#5,pp,Winds/Fl/ordinario/Fl-ord-C#5-pp.wav
Fl,ord,C#6,ff,Winds/Fl/ordinario/Fl-ord-C#6-ff.wav
Fl,ord,C#6,mf,Winds/Fl/ordinario/Fl-ord-C#6-mf.wav
Fl,ord,C#6,pp,Winds/Fl/ordinario/Fl-ord-C#6-pp.wav
Fl,ord,C#7,ff,Winds/Fl/ordinario/Fl-ord-C#7-ff.wav
Fl,ord,C#7,p,Winds/Fl/ordinario/Fl-ord-C#7-p.wav
Fl,ord,C4,ff,Winds/Fl/ordinario/Fl-ord-C4-ff.wav
Fl,ord,C4,mf,Winds/Fl/ordinario/Fl-ord-C4-mf.wav
Fl,ord,C4,pp,Winds/Fl/ordinario/Fl-ord-C4-pp.wav
Fl,ord,C5,ff,Winds/Fl/ordinario/Fl-ord-C5-ff.wav
Fl,ord,C5,mf,Winds/Fl/ordinario/Fl-ord-C5-mf.wav
Fl,ord,C5,pp,Winds/Fl/ordinario/Fl-ord-C5-pp.wav
Fl,ord,C6,ff,Winds/Fl/ordinario/Fl-ord-C6-ff.wav
Fl,ord,C6,mf,Winds/Fl/ordinario/Fl-ord-C6-mf.wav
Fl,ord,C6,pp,Winds/Fl/ordinario/Fl-ord-C6-pp.wav
Fl,ord,C7,ff,Winds/Fl/ordinario/Fl-ord-C7-ff.wav
Fl,ord,C7,mf,Winds/Fl/ordinario/Fl-ord-C7-mf.wav
Fl,ord,C7,pp,Winds/Fl/ordinario/Fl-ord-C7-pp.wav
Fl,ord,D#4,ff,Winds/Fl/ordinario/Fl-ord-D#4-ff.wav
Fl,ord,D#4,mf,Winds/Fl/ordinario/Fl-ord-D#4-mf.wav
Fl,ord,D#4,pp,Winds/Fl/ordinario/Fl-ord-D#4-pp.wav
Fl,ord,D#5,ff,Winds/Fl/ordinario/Fl-ord-D#5-ff.wav
Fl,ord,D#5,mf,Winds/Fl/ordinario/Fl-ord-D#5-mf.wav
Fl,ord,D#5,pp,Winds/Fl/ordinario/Fl-ord-D#5-pp.wav
Fl,ord,D#6,ff,Winds/Fl/ordinario/Fl-ord-D#6-ff.wav
Fl,ord,D#6,mf,Winds/Fl/ordinario/Fl-ord-D#6-mf.wav
Fl,ord,D#6,pp,Winds/Fl/ordinario/Fl-ord-D#6-pp.wav
Fl,ord,D4,ff,Winds/Fl/ordinario/Fl-ord-D4-ff.wav
Fl,ord,F4,mf,Winds/Fl/ordinario/Fl-ord-F4-mf.wav
Fl,ord,F4,pp,Winds/Fl/ordinario/Fl-ord-F4-pp.wav
Fl,ord,F5,ff,Winds/Fl/ordinario/Fl-ord-F5-ff.wav
Fl,ord,F5,mf,Winds/Fl/ordinario/Fl-ord-F5-mf.wav
Fl,ord,F5,pp,Winds/Fl/ordinario/Fl-ord-F5-pp.wav
Fl,ord,F6,ff,Winds/Fl/ordinario/Fl-ord-F6-ff.wav
Fl,ord,F6,mf,Winds/Fl/ordinario/Fl-ord-F6-mf.wav
Fl,ord,F6,pp,Winds/Fl/ordinario/Fl-ord-F6-pp.wav
Fl,ord,G#4,ff,Winds/Fl/ordinario/Fl-ord-G#4-ff.wav
Fl,ord,G#4,mf,Winds/Fl/ordinario/Fl-ord-G#4-mf.wav
Fl,ord,G#4,pp,Winds/Fl/ordinario/Fl-ord-G#4-pp.wav
Fl,ord,G#5,ff,Winds/Fl/ordinario/Fl-ord-G#5-ff.wav
Fl,ord,G#5,mf,Winds/Fl/ordinario/Fl-ord-G#5-mf.wav
Fl,ord,G#5,pp,Winds/Fl/ordinario/Fl-ord-G#5-pp.wav
Fl,ord,G#6,ff,Winds/Fl/ordinario/Fl-ord-G#6-ff.wav
Fl,ord,G#6,mf,Winds/Fl/ordinario/Fl-ord-G#6-mf.wav
Fl,ord,G#6,pp,Winds/Fl/ordinario/Fl-ord-G#6-pp.wav
Fl,ord,G4,ff,Winds/Fl/ordinario/Fl-ord-G4-ff.wav
Fl,ord,G4,mf,Winds/Fl/ordinario/Fl-ord-G4-mf.wav
Fl,ord,G4,pp,Winds/Fl/ordinario/Fl-ord-G4-pp.wav
Fl,ord,G5,ff,Winds/Fl/ordinario/Fl-ord-G5-ff.wav
Fl,ord,G5,mf,Winds/Fl/ordinario/Fl-ord-G5-mf.wav
Fl,ord,G5,pp,Winds/Fl/ordinario/Fl-ord-G5-pp.wav
Fl,ord,G6,ff,Winds/Fl/ordinario/Fl-ord-G6-ff.wav
Fl,ord,G6,mf,Winds/Fl/ordinario/Fl-ord-G6-mf.wav
Fl,ord,G6,pp,Winds/Fl/ordinario/Fl-ord-G6-pp.wav
Fl,ord,C#4,pp,Winds/Fl/ordinario/Fl-ord-C#4-pp.wav
Fl,ord,D4,mf,Winds/Fl/ordinario/Fl-ord-D4-mf.wav
Fl,ord,F4,ff,Winds/Fl/ordinario/Fl-ord-F4-ff.wav
Ob,ord,A#3,ff,Winds/Ob/ordinario/Ob-ord-A#3-ff.wav
Ob,ord,A#3,mf,Winds/Ob/ordinario/Ob-ord-A#3-mf.wav
Ob,ord,A#3,pp,Winds/Ob/ordinario/Ob-ord-A#3-pp.wav
Ob,ord,A#4,ff,Winds/Ob/ordinario/Ob-ord-A#4-ff.wav
Ob,ord,A#4,mf,Winds/Ob/ordinario/Ob-ord-A#4-mf.wav
Ob,ord,A#4,pp,Winds/Ob/ordinario/Ob-ord-A#4-pp.wav
Ob,ord,A#5,ff,Winds/Ob/ordinario/Ob-ord-A#5-ff.wav
Ob,ord,A#5,mf,Winds/Ob/ordinario/Ob-ord-A#5-mf.wav
Ob,ord,A#5,pp,Winds/Ob/ordinario/Ob-ord-A#5-pp.wav
Ob,ord,A4,ff,Winds/Ob/ordinario/Ob-ord-A4-ff.wav
Ob,ord,A4,mf,Winds/Ob/ordinario/Ob-ord-A4-mf.wav
Ob,ord,A4,pp,Winds/Ob/ordinario/Ob-ord-A4-pp.wav
Ob,ord,A5,ff,Winds/Ob/ordinario/Ob-ord-A5-ff.wav
Ob,ord,A5,mf,Winds/Ob/ordinario/Ob-ord-A5-mf.wav
Ob,ord,A5,pp,Winds/Ob/ordinario/Ob-ord-A5-pp.wav
Ob,ord,A6,ff,Winds/Ob/ordinario/Ob-ord-A6-ff.wav
Ob,ord,A6,pp,Winds/Ob/ordinario/Ob-ord-A6-pp.wav
Ob,ord,B3,ff,Winds/Ob/ordinario/Ob-ord-B3-ff.wav
Ob,ord,B3,mf,Winds/Ob/ordinario/Ob-ord-B3-mf.wav
Ob,ord,B3,pp,Winds/Ob/ordinario/Ob-ord-B3-pp.wav
Ob,ord,B4,ff,Winds/Ob/ordinario/Ob-ord-B4-ff.wav
Ob,ord,B4,mf,Winds/Ob/ordinario/Ob-ord-B4-mf.wav
Ob,ord,B4,pp,Winds/Ob/ordinario/Ob-ord-B4-pp.wav
Ob,ord,B5,ff,Winds/Ob/ordinario/Ob-ord-B5-ff.wav
Ob,ord,B5,mf,Winds/Ob/ordinario/Ob-ord-B5-mf.wav
Ob,ord,B5,pp,Winds/Ob/ordinario/Ob-ord-B5-pp.wav
Ob,ord,C#4,ff,Winds/Ob/ordinario/Ob-ord-C#4-ff.wav
Ob,ord,C#4,mf,Winds/Ob/ordinario/Ob-ord-C#4-mf.wav
Ob,ord,C#4,pp,Winds/Ob/ordinario/Ob-ord-C#4-pp.wav
Ob,ord,C#5,ff,Winds/Ob/ordinario/Ob-ord-C#5-ff.wav
Ob,ord,E4,mf,Winds/Ob/ordinario/Ob-ord-E4-mf.wav
Ob,ord,E4,pp,Winds/Ob/ordinario/Ob-ord-E4-pp.wav
Ob,ord,E5,ff,Winds/Ob/ordinario/Ob-ord-E5-ff.wav
Ob,ord,E5,mf,Winds/Ob/ordinario/Ob-ord-E5-mf.wav
Ob,ord,E5,pp,Winds/Ob/ordinario/Ob-ord-E5-pp.wav
Ob,ord,E6,ff,Winds/Ob/ordinario/Ob-ord-E6-ff.wav
Ob,ord,E6,mf,Winds/Ob/ordinario/Ob-ord-E6-mf.wav
Ob,ord,E6,pp,Winds/Ob/ordinario/Ob-ord-E6-pp.wav
Ob,ord,F#4,ff,Winds/Ob/ordinario/Ob-ord-F#4-ff.wav
Ob,ord,F#4,mf,Winds/Ob/ordinario/Ob-ord-F#4-mf.wav
Ob,ord,F#4,pp,Winds/Ob/ordinario/Ob-ord-F#4-pp.wav
Ob,ord,F#5,ff,Winds/Ob/ordinario/Ob-ord-F#5-ff.wav
Ob,ord,F#5,mf,Winds/Ob/ordinario/Ob-ord-F#5-mf.wav
Ob,ord,F#5,pp,Winds/Ob/ordinario/Ob-ord-F#5-pp.wav
Ob,ord,F#6,ff,Winds/Ob/ordinario/Ob-ord-F#6-ff.wav
Ob,ord,F#6,mf,Winds/Ob/ordinario/Ob-ord-F#6-mf.wav
Ob,ord,F#6,pp,Winds/Ob/ordinario/Ob-ord-F#6-pp.wav
Ob,ord,F4,ff,Winds/Ob/ordinario/Ob-ord-F4-ff.wav
Ob,ord,F4,mf,Winds/Ob/ordinario/Ob-ord-F4-mf.wav
Ob,ord,F4,pp,Winds/Ob/ordinario/Ob-ord-F4-pp.wav
Ob,ord,F5,ff,Winds/Ob/ordinario/Ob-ord-F5-ff.wav
Ob,ord,F5,mf,Winds/Ob/ordinario/Ob-ord-F5-mf.wav
Ob,ord,C#5,pp,Winds/Ob/ordinario/Ob-ord-C#5-pp.wav
Ob,ord,C#6,ff,Winds/Ob/ordinario/Ob-ord-C#6-ff.wav
Ob,ord,C#6,mf,Winds/Ob/ordinario/Ob-ord-C#6-mf.wav
Ob,ord,C#6,pp,Winds/Ob/ordinario/Ob-ord-C#6-pp.wav
Ob,ord,C4,ff,Winds/Ob/ordinario/Ob-ord-C4-ff.wav
Ob,ord,C4,mf,Winds/Ob/ordinario/Ob-ord-C4-mf.wav
Ob,ord,C4,pp,Winds/Ob/ordinario/Ob-ord-C4-pp.wav
Ob,ord,C5,ff,Winds/Ob/ordinario/Ob-ord-C5-ff.wav
Ob,ord,C5,mf,Winds/Ob/ordinario/Ob-ord-C5-mf.wav
Ob,ord,C5,pp,Winds/Ob/ordinario/Ob-ord-C5-pp.wav
Ob,ord,C6,ff,Winds/Ob/ordinario/Ob-ord-C6-ff.wav
Ob,ord,C6,mf,Winds/Ob/ordinario/Ob-ord-C6-mf.wav
Ob,ord,C6,pp,Winds/Ob/ordinario/Ob-ord-C6-pp.wav
Ob,ord,D#4,ff,Winds/Ob/ordinario/Ob-ord-D#4-ff.wav
Ob,ord,D#4,mf,Winds/Ob/ordinario/Ob-ord-D#4-mf.wav
Ob,ord,D#4,pp,Winds/Ob/ordinario/Ob-ord-D#4-pp.wav
Ob,ord,D#5,ff,Winds/Ob/ordinario/Ob-ord-D#5-ff.wav
Ob,ord,D#5,mf,Winds/Ob/ordinario/Ob-ord-D#5-mf.wav
Ob,ord,D#5,pp,Winds/Ob/ordinario/Ob-ord-D#5-pp.wav
Ob,ord,D#6,ff,Winds/Ob/ordinario/Ob-ord-D#6-ff.wav
Ob,ord,D#6,mf,Winds/Ob/ordinario/Ob-ord-D#6-mf.wav
Ob,ord,D#6,pp,Winds/Ob/ordinario/Ob-ord-D#6-pp.wav
Ob,ord,D4,ff,Winds/Ob/ordinario/Ob-ord-D4-ff.wav
Ob,ord,D4,mf,Winds/Ob/ordinario/Ob-ord-D4-mf.wav
Ob,ord,D4,pp,Winds/Ob/ordinario/Ob-ord-D4-pp.wav
Ob,ord,D5,ff,Winds/Ob/ordinario/Ob-ord-D5-ff.wav
Ob,ord,D5,mf,Winds/Ob/ordinario/Ob-ord-D5-mf.wav
Ob,ord,D5,pp,Winds/Ob/ordinario/Ob-ord-D5-pp.wav
Ob,ord,D6,ff,Winds/Ob/ordinario/Ob-ord-D6-ff.wav
Ob,ord,D6,mf,Winds/Ob/ordinario/Ob-ord-D6-mf.wav
Ob,ord,D6,pp,Winds/Ob/ordinario/Ob-ord-D6-pp.wav
Ob,ord,F6,ff,Winds/Ob/ordinario/Ob-ord-F6-ff.wav
Ob,ord,F6,mf,Winds/Ob/ordinario/Ob-ord-F6-mf.wav
Ob,ord,F6,pp,Winds/Ob/ordinario/Ob-ord-F6-pp.wav
Ob,ord,G#4,ff,Winds/Ob/ordinario/Ob-ord-G#4-ff.wav
Ob,ord,G#4,mf,Winds/Ob/ordinario/Ob-ord-G#4-mf.wav
Ob,ord,G#4,pp,Winds/Ob/ordinario/Ob-ord-G#4-pp.wav
Ob,ord,G#5,ff,Winds/Ob/ordinario/Ob-ord-G#5-ff.wav
Ob,ord,G#5,mf,Winds/Ob/ordinario/Ob-ord-G#5-mf.wav
Ob,ord,G#5,pp,Winds/Ob/ordinario/Ob-ord-G#5-pp.wav
Ob,ord,G#6,ff,Winds/Ob/ordinario/Ob-ord-G#6-ff.wav
Ob,ord,G#6,mf,Winds/Ob/ordinario/Ob-ord-G#6-mf.wav
Ob,ord,G#6,pp,Winds/Ob/ordinario/Ob-ord-G#6-pp.wav
Ob,ord,G4,ff,Winds/Ob/ordinario/Ob-ord-G4-ff.wav
Ob,ord,G4,mf,Winds/Ob/ordinario/Ob-ord-G4-mf.wav
Ob,ord,G4,pp,Winds/Ob/ordinario/Ob-ord-G4-pp.wav
Ob,ord,G5,ff,Winds/Ob/ordinario/Ob-ord-G5-ff.wav
Ob,ord,G5,mf,Winds/Ob/ordinario/Ob-ord-G5-mf.wav
Ob,ord,G5,pp,Winds/Ob/ordinario/Ob-ord-G5-pp.wav
Ob,ord,G6,ff,Winds/Ob/ordinario/Ob-ord-G6-ff.wav
Ob,ord,G6,mf,Winds/Ob/ordinario/Ob-ord-G6-mf.wav
Ob,ord,G6,pp,Winds/Ob/ordinario/Ob-ord-G6-pp.wav
Ob,ord,C#5,mf,Winds/Ob/ordinario/Ob-ord-C#5-mf.wav
Ob,ord,E4,ff,Winds/Ob/ordinario/Ob-ord-E4-ff.wav
Ob,ord,F5,pp,Winds/Ob/ordinario/Ob-ord-F5-pp.wav
